2025-01-17T12:55:10.326044Z  INFO cmd: GreptimeDB version: 
branch: main
commit: f8d26b433e01f881394fcb8b35304f7be07b0da6
clean: true
version: 0.12.0
2025-01-17T12:55:10.326061Z  INFO cmd: command line arguments
2025-01-17T12:55:10.326063Z  INFO cmd: argument: ./greptime
2025-01-17T12:55:10.326068Z  INFO cmd: argument: standalone
2025-01-17T12:55:10.326069Z  INFO cmd: argument: start
2025-01-17T12:55:10.326073Z  INFO cmd: argument: -c
2025-01-17T12:55:10.326074Z  INFO cmd: argument: config.toml
2025-01-17T12:55:10.326079Z  INFO cmd::standalone: Standalone start command: StartCommand {
    http_addr: None,
    rpc_addr: None,
    mysql_addr: None,
    postgres_addr: None,
    influxdb_enable: false,
    config_file: Some(
        "config.toml",
    ),
    tls_mode: None,
    tls_cert_path: None,
    tls_key_path: None,
    user_provider: None,
    env_prefix: "GREPTIMEDB_STANDALONE",
    data_home: None,
}
2025-01-17T12:55:10.326098Z  INFO cmd::standalone: Standalone options: GreptimeOptions {
    runtime: RuntimeOptions {
        global_rt_size: 20,
        compact_rt_size: 10,
    },
    plugins: [],
    component: StandaloneOptions {
        mode: Standalone,
        enable_telemetry: true,
        default_timezone: None,
        http: HttpOptions {
            addr: "127.0.0.1:4000",
            timeout: 30s,
            disable_dashboard: false,
            body_limit: 64.0MiB,
            is_strict_mode: false,
        },
        grpc: GrpcOptions {
            addr: "127.0.0.1:4001",
            hostname: "",
            max_recv_message_size: 512.0MiB,
            max_send_message_size: 512.0MiB,
            runtime_size: 8,
            tls: TlsOption {
                mode: Disable,
                cert_path: "",
                key_path: "",
                watch: false,
            },
        },
        mysql: MysqlOptions {
            enable: true,
            addr: "127.0.0.1:4002",
            runtime_size: 2,
            tls: TlsOption {
                mode: Disable,
                cert_path: "",
                key_path: "",
                watch: false,
            },
            reject_no_database: None,
        },
        postgres: PostgresOptions {
            enable: true,
            addr: "127.0.0.1:4003",
            runtime_size: 2,
            tls: TlsOption {
                mode: Disable,
                cert_path: "",
                key_path: "",
                watch: false,
            },
        },
        opentsdb: OpentsdbOptions {
            enable: true,
        },
        influxdb: InfluxdbOptions {
            enable: true,
        },
        prom_store: PromStoreOptions {
            enable: true,
            with_metric_engine: true,
        },
        wal: RaftEngine(
            RaftEngineConfig {
                dir: None,
                file_size: 128.0MiB,
                purge_threshold: 1.0GiB,
                purge_interval: 60s,
                read_batch_size: 128,
                sync_write: false,
                enable_log_recycle: true,
                prefill_log_files: false,
                sync_period: None,
                recovery_parallelism: 20,
            },
        ),
        storage: StorageConfig {
            data_home: "/tmp/greptimedb",
            store: File(
                FileConfig,
            ),
            providers: [],
        },
        metadata_store: KvBackendConfig {
            file_size: 256.0MiB,
            purge_threshold: 4.0GiB,
        },
        procedure: ProcedureConfig {
            max_retry_times: 3,
            retry_delay: 500ms,
            max_metadata_value_size: None,
        },
        flow: FlowConfig {
            num_workers: 10,
        },
        logging: LoggingOptions {
            dir: "/tmp/greptimedb/logs",
            level: None,
            log_format: Text,
            max_log_files: 720,
            append_stdout: true,
            enable_otlp_tracing: false,
            otlp_endpoint: None,
            tracing_sample_ratio: None,
            slow_query: SlowQueryOptions {
                enable: false,
                threshold: None,
                sample_ratio: None,
            },
        },
        user_provider: None,
        region_engine: [
            Mito(
                MitoConfig {
                    num_workers: 10,
                    worker_channel_size: 128,
                    worker_request_batch_size: 64,
                    manifest_checkpoint_distance: 10,
                    compress_manifest: false,
                    max_background_flushes: 10,
                    max_background_compactions: 5,
                    max_background_purges: 20,
                    auto_flush_interval: 1800s,
                    global_write_buffer_size: 1.0GiB,
                    global_write_buffer_reject_size: 2.0GiB,
                    sst_meta_cache_size: 128.0MiB,
                    vector_cache_size: 512.0MiB,
                    page_cache_size: 11.8GiB,
                    selector_result_cache_size: 512.0MiB,
                    enable_write_cache: false,
                    write_cache_path: "",
                    write_cache_size: 5.0GiB,
                    write_cache_ttl: None,
                    sst_write_buffer_size: 8.0MiB,
                    parallel_scan_channel_size: 32,
                    allow_stale_entries: false,
                    index: IndexConfig {
                        aux_path: "",
                        staging_size: 2.0GiB,
                        write_buffer_size: 8.0MiB,
                        metadata_cache_size: 64.0MiB,
                        content_cache_size: 128.0MiB,
                        content_cache_page_size: 64.0KiB,
                    },
                    inverted_index: InvertedIndexConfig {
                        create_on_flush: Auto,
                        create_on_compaction: Auto,
                        apply_on_query: Auto,
                        mem_threshold_on_create: Auto,
                        intermediate_path: "",
                        write_buffer_size: 8.0MiB,
                    },
                    fulltext_index: FulltextIndexConfig {
                        create_on_flush: Auto,
                        create_on_compaction: Auto,
                        apply_on_query: Auto,
                        mem_threshold_on_create: Auto,
                        compress: true,
                    },
                    bloom_filter_index: BloomFilterConfig {
                        create_on_flush: Auto,
                        create_on_compaction: Auto,
                        apply_on_query: Auto,
                        mem_threshold_on_create: Auto,
                    },
                    memtable: TimeSeries,
                    min_compaction_interval: 0ns,
                },
            ),
            File(
                EngineConfig,
            ),
        ],
        export_metrics: ExportMetricsOption {
            enable: true,
            write_interval: 30s,
            self_import: Some(
                SelfImportOption {
                    db: "greptime_metrics",
                },
            ),
            remote_write: None,
        },
        tracing: TracingOptions,
        init_regions_in_background: false,
        init_regions_parallelism: 16,
        max_in_flight_write_bytes: None,
    },
}
2025-01-17T12:55:10.326344Z  INFO servers::grpc: Using detected: 192.168.50.81:4001 as server address
2025-01-17T12:55:10.336157Z  WARN log: Truncating log file due to broken batch (queue=Append,seq=1,offset=4061330): Corruption: Log item offset is smaller than log batch header length    
2025-01-17T12:55:10.340703Z  INFO log: Recovering raft logs takes 14.233764ms    
2025-01-17T12:55:10.340788Z  INFO common_procedure::store: The procedure state store path is: procedure/
2025-01-17T12:55:10.345979Z  INFO datanode::store::fs: The file storage home is: /tmp/greptimedb/
2025-01-17T12:55:10.346005Z  INFO datanode::store: Begin to clean temp storage directory: /tmp/greptimedb/.tmp/
2025-01-17T12:55:10.346077Z  INFO datanode::store: Cleaned temp storage directory: /tmp/greptimedb/.tmp/
2025-01-17T12:55:10.346448Z  INFO datanode::datanode: Creating raft-engine logstore with config: RaftEngineConfig { dir: None, file_size: 128.0MiB, purge_threshold: 1.0GiB, purge_interval: 60s, read_batch_size: 128, sync_write: false, enable_log_recycle: true, prefill_log_files: false, sync_period: None, recovery_parallelism: 20 } and storage path: /tmp/greptimedb/wal/
2025-01-17T12:55:10.365958Z  INFO log: Recovering raft logs takes 19.482439ms    
2025-01-17T12:55:10.366894Z  INFO mito2::worker: Start region worker thread 1, init_check_delay: 105s
2025-01-17T12:55:10.366897Z  INFO mito2::worker: Start region worker thread 0, init_check_delay: 93s
2025-01-17T12:55:10.366927Z  INFO mito2::worker: Start region worker thread 6, init_check_delay: 3s
2025-01-17T12:55:10.366927Z  INFO mito2::worker: Start region worker thread 7, init_check_delay: 149s
2025-01-17T12:55:10.366930Z  INFO mito2::worker: Start region worker thread 9, init_check_delay: 24s
2025-01-17T12:55:10.366901Z  INFO mito2::worker: Start region worker thread 2, init_check_delay: 179s
2025-01-17T12:55:10.366945Z  INFO datanode::region_server: Region Engine mito is registered
2025-01-17T12:55:10.366924Z  INFO mito2::worker: Start region worker thread 3, init_check_delay: 53s
2025-01-17T12:55:10.366956Z  INFO datanode::region_server: Region Engine metric is registered
2025-01-17T12:55:10.366932Z  INFO mito2::worker: Start region worker thread 4, init_check_delay: 157s
2025-01-17T12:55:10.366958Z  INFO datanode::region_server: Region Engine file is registered
2025-01-17T12:55:10.366946Z  INFO mito2::worker: Start region worker thread 5, init_check_delay: 35s
2025-01-17T12:55:10.366969Z  INFO mito2::worker: Start region worker thread 8, init_check_delay: 72s
2025-01-17T12:55:10.367085Z  INFO datanode::datanode: going to open 16 region(s)
2025-01-17T12:55:10.367298Z  INFO mito2::worker::handle_open: Try to open region 4806085181440(1119, 16777216), worker: 5
2025-01-17T12:55:10.367428Z  INFO mito2::manifest::manager: Checkpoint not found in data/greptime/greptime_metrics/1119/1119_0000000000/metadata/manifest/, build manifest from scratch
2025-01-17T12:55:10.368332Z  INFO mito2::region::opener: Start replaying memtable at flushed_entry_id + 1: 763 for region 4806085181440(1119, 16777216), manifest version: 4
2025-01-17T12:55:10.368351Z  INFO log_store::raft_engine::log_store: Read logstore, namespace: 4806085181440, start: 763, span: (None, None)
2025-01-17T12:55:10.368365Z  INFO log_store::raft_engine::log_store: Namespace 4806085181440 obsoleted 0 entries, compacted index: 762, span: (None, None)
2025-01-17T12:55:10.368367Z  INFO mito2::region::opener: Replay WAL for region: 4806085181440(1119, 16777216), rows recovered: 0, last entry id: 762
2025-01-17T12:55:10.368370Z  INFO mito2::worker::handle_open: Region 4806085181440(1119, 16777216) is opened, worker: 5
2025-01-17T12:55:10.368471Z  INFO mito2::worker::handle_open: Try to open region 4806068404224(1119, 0), worker: 9
2025-01-17T12:55:10.368706Z  INFO mito2::manifest::manager: Recover region manifest data/greptime/greptime_metrics/1119/1119_0000000000/data/manifest/ from checkpoint version 30
2025-01-17T12:55:10.369150Z  INFO mito2::region::opener: Start replaying memtable at flushed_entry_id + 1: 1316 for region 4806068404224(1119, 0), manifest version: 37
2025-01-17T12:55:10.369155Z  INFO log_store::raft_engine::log_store: Read logstore, namespace: 4806068404224, start: 1316, span: (Some(1316), Some(1339))
2025-01-17T12:55:10.382976Z  INFO log_store::raft_engine::log_store: Namespace 4806068404224 obsoleted 0 entries, compacted index: 1315, span: (Some(1316), Some(1339))
2025-01-17T12:55:10.382983Z  INFO mito2::region::opener: Replay WAL for region: 4806068404224(1119, 0), rows recovered: 13496, last entry id: 1339
2025-01-17T12:55:10.382987Z  INFO mito2::worker::handle_open: Region 4806068404224(1119, 0) is opened, worker: 9
2025-01-17T12:55:10.383025Z  INFO handle_batch_open_requests: metric_engine::engine::open: Opened physical metric region 4806068404224(1119, 0)
2025-01-17T12:55:10.387119Z  INFO handle_batch_open_requests: datanode::region_server: Region 4806068404224(1119, 0) is registered to engine metric
2025-01-17T12:55:10.389393Z  INFO mito2::worker::handle_open: Try to open region 4784593567746(1114, 2), worker: 6
2025-01-17T12:55:10.389410Z  INFO mito2::worker::handle_open: Try to open region 4784593567744(1114, 0), worker: 4
2025-01-17T12:55:10.389414Z  INFO mito2::worker::handle_open: Try to open region 4784593567747(1114, 3), worker: 7
2025-01-17T12:55:10.389518Z  INFO mito2::worker::handle_open: Try to open region 4784593567752(1114, 8), worker: 2
2025-01-17T12:55:10.389519Z  INFO mito2::worker::handle_open: Try to open region 4784593567750(1114, 6), worker: 0
2025-01-17T12:55:10.389528Z  INFO mito2::worker::handle_open: Try to open region 4784593567749(1114, 5), worker: 9
2025-01-17T12:55:10.389539Z  INFO mito2::worker::handle_open: Try to open region 4784593567748(1114, 4), worker: 8
2025-01-17T12:55:10.389576Z  INFO mito2::worker::handle_open: Try to open region 4784593567745(1114, 1), worker: 5
2025-01-17T12:55:10.389598Z  INFO mito2::worker::handle_open: Try to open region 4784593567751(1114, 7), worker: 1
2025-01-17T12:55:10.389598Z  INFO mito2::worker::handle_open: Try to open region 4784593567754(1114, 10), worker: 4
2025-01-17T12:55:10.389610Z  INFO mito2::worker::handle_open: Try to open region 4784593567753(1114, 9), worker: 3
2025-01-17T12:55:10.389622Z  INFO mito2::worker::handle_open: Try to open region 4797478469632(1117, 0), worker: 7
2025-01-17T12:55:10.389636Z  INFO mito2::manifest::manager: Checkpoint not found in data/greptime/public/1114/1114_0000000004/manifest/, build manifest from scratch
2025-01-17T12:55:10.389638Z  INFO mito2::manifest::manager: Checkpoint not found in data/greptime/public/1114/1114_0000000003/manifest/, build manifest from scratch
2025-01-17T12:55:10.389636Z  INFO mito2::manifest::manager: Checkpoint not found in data/greptime/public/1114/1114_0000000000/manifest/, build manifest from scratch
2025-01-17T12:55:10.389660Z  INFO mito2::worker::handle_open: Try to open region 4793183502336(1116, 0), worker: 6
2025-01-17T12:55:10.389668Z  INFO mito2::worker::handle_open: Try to open region 4801773436928(1118, 0), worker: 8
2025-01-17T12:55:10.389702Z  INFO mito2::worker::handle_open: Try to open region 4788888535040(1115, 0), worker: 5
2025-01-17T12:55:10.389876Z  INFO mito2::manifest::manager: Checkpoint not found in data/greptime/public/1114/1114_0000000002/manifest/, build manifest from scratch
2025-01-17T12:55:10.389877Z  INFO mito2::manifest::manager: Checkpoint not found in data/greptime/public/1114/1114_0000000010/manifest/, build manifest from scratch
2025-01-17T12:55:10.389881Z  INFO mito2::manifest::manager: Checkpoint not found in data/greptime/public/1118/1118_0000000000/manifest/, build manifest from scratch
2025-01-17T12:55:10.389920Z  INFO mito2::manifest::manager: Checkpoint not found in data/greptime/public/1114/1114_0000000008/manifest/, build manifest from scratch
2025-01-17T12:55:10.390001Z  INFO mito2::manifest::manager: Checkpoint not found in data/greptime/public/1116/1116_0000000000/manifest/, build manifest from scratch
2025-01-17T12:55:10.390016Z  INFO mito2::manifest::manager: Checkpoint not found in data/greptime/public/1114/1114_0000000009/manifest/, build manifest from scratch
2025-01-17T12:55:10.390048Z  INFO mito2::manifest::manager: Checkpoint not found in data/greptime/public/1115/1115_0000000000/manifest/, build manifest from scratch
2025-01-17T12:55:10.390172Z  INFO mito2::manifest::manager: Checkpoint not found in data/greptime/public/1114/1114_0000000001/manifest/, build manifest from scratch
2025-01-17T12:55:10.390817Z  INFO mito2::region::opener: Start replaying memtable at flushed_entry_id + 1: 1 for region 4784593567748(1114, 4), manifest version: 0
2025-01-17T12:55:10.390821Z  INFO mito2::region::opener: Start replaying memtable at flushed_entry_id + 1: 1 for region 4784593567744(1114, 0), manifest version: 0
2025-01-17T12:55:10.390824Z  INFO mito2::region::opener: Start replaying memtable at flushed_entry_id + 1: 1 for region 4788888535040(1115, 0), manifest version: 0
2025-01-17T12:55:10.390828Z  INFO log_store::raft_engine::log_store: Read logstore, namespace: 4784593567748, start: 1, span: (None, None)
2025-01-17T12:55:10.390830Z  INFO log_store::raft_engine::log_store: Read logstore, namespace: 4784593567744, start: 1, span: (None, None)
2025-01-17T12:55:10.390832Z  INFO log_store::raft_engine::log_store: Read logstore, namespace: 4788888535040, start: 1, span: (None, None)
2025-01-17T12:55:10.390837Z  INFO log_store::raft_engine::log_store: Namespace 4784593567748 obsoleted 0 entries, compacted index: 0, span: (None, None)
2025-01-17T12:55:10.390839Z  INFO mito2::region::opener: Replay WAL for region: 4784593567748(1114, 4), rows recovered: 0, last entry id: 0
2025-01-17T12:55:10.390842Z  INFO log_store::raft_engine::log_store: Namespace 4784593567744 obsoleted 0 entries, compacted index: 0, span: (None, None)
2025-01-17T12:55:10.390842Z  INFO mito2::worker::handle_open: Region 4784593567748(1114, 4) is opened, worker: 8
2025-01-17T12:55:10.390844Z  INFO mito2::region::opener: Replay WAL for region: 4784593567744(1114, 0), rows recovered: 0, last entry id: 0
2025-01-17T12:55:10.390845Z  INFO log_store::raft_engine::log_store: Namespace 4788888535040 obsoleted 0 entries, compacted index: 0, span: (None, None)
2025-01-17T12:55:10.390847Z  INFO mito2::region::opener: Replay WAL for region: 4788888535040(1115, 0), rows recovered: 0, last entry id: 0
2025-01-17T12:55:10.390848Z  INFO mito2::worker::handle_open: Region 4784593567744(1114, 0) is opened, worker: 4
2025-01-17T12:55:10.390845Z  INFO mito2::manifest::manager: Recover region manifest data/greptime/public/1114/1114_0000000005/manifest/ from checkpoint version 40
2025-01-17T12:55:10.390851Z  INFO mito2::worker::handle_open: Region 4788888535040(1115, 0) is opened, worker: 5
2025-01-17T12:55:10.390852Z  INFO mito2::region::opener: Start replaying memtable at flushed_entry_id + 1: 1 for region 4801773436928(1118, 0), manifest version: 0
2025-01-17T12:55:10.390858Z  INFO log_store::raft_engine::log_store: Read logstore, namespace: 4801773436928, start: 1, span: (None, None)
2025-01-17T12:55:10.390862Z  INFO mito2::region::opener: Start replaying memtable at flushed_entry_id + 1: 1 for region 4784593567746(1114, 2), manifest version: 0
2025-01-17T12:55:10.390869Z  INFO log_store::raft_engine::log_store: Namespace 4801773436928 obsoleted 0 entries, compacted index: 0, span: (None, None)
2025-01-17T12:55:10.390871Z  INFO mito2::region::opener: Replay WAL for region: 4801773436928(1118, 0), rows recovered: 0, last entry id: 0
2025-01-17T12:55:10.390874Z  INFO mito2::region::opener: Start replaying memtable at flushed_entry_id + 1: 1 for region 4793183502336(1116, 0), manifest version: 0
2025-01-17T12:55:10.390875Z  INFO mito2::worker::handle_open: Region 4801773436928(1118, 0) is opened, worker: 8
2025-01-17T12:55:10.390873Z  INFO mito2::region::opener: Start replaying memtable at flushed_entry_id + 1: 1 for region 4784593567747(1114, 3), manifest version: 0
2025-01-17T12:55:10.390877Z  INFO log_store::raft_engine::log_store: Read logstore, namespace: 4793183502336, start: 1, span: (None, None)
2025-01-17T12:55:10.390876Z  INFO log_store::raft_engine::log_store: Read logstore, namespace: 4784593567746, start: 1, span: (None, None)
2025-01-17T12:55:10.390872Z  INFO mito2::manifest::manager: Recover region manifest data/greptime/public/1114/1114_0000000006/manifest/ from checkpoint version 60
2025-01-17T12:55:10.390879Z  INFO log_store::raft_engine::log_store: Read logstore, namespace: 4784593567747, start: 1, span: (None, None)
2025-01-17T12:55:10.390880Z  INFO log_store::raft_engine::log_store: Namespace 4793183502336 obsoleted 0 entries, compacted index: 0, span: (None, None)
2025-01-17T12:55:10.390882Z  INFO mito2::region::opener: Replay WAL for region: 4793183502336(1116, 0), rows recovered: 0, last entry id: 0
2025-01-17T12:55:10.390886Z  INFO mito2::worker::handle_open: Region 4793183502336(1116, 0) is opened, worker: 6
2025-01-17T12:55:10.390888Z  INFO log_store::raft_engine::log_store: Namespace 4784593567747 obsoleted 0 entries, compacted index: 0, span: (None, None)
2025-01-17T12:55:10.390890Z  INFO mito2::region::opener: Replay WAL for region: 4784593567747(1114, 3), rows recovered: 0, last entry id: 0
2025-01-17T12:55:10.390893Z  INFO mito2::region::opener: Start replaying memtable at flushed_entry_id + 1: 1 for region 4784593567745(1114, 1), manifest version: 0
2025-01-17T12:55:10.390895Z  INFO mito2::worker::handle_open: Region 4784593567747(1114, 3) is opened, worker: 7
2025-01-17T12:55:10.390894Z  INFO log_store::raft_engine::log_store: Namespace 4784593567746 obsoleted 0 entries, compacted index: 0, span: (None, None)
2025-01-17T12:55:10.390898Z  INFO mito2::region::opener: Replay WAL for region: 4784593567746(1114, 2), rows recovered: 0, last entry id: 0
2025-01-17T12:55:10.390898Z  INFO log_store::raft_engine::log_store: Read logstore, namespace: 4784593567745, start: 1, span: (None, None)
2025-01-17T12:55:10.390902Z  INFO mito2::worker::handle_open: Region 4784593567746(1114, 2) is opened, worker: 6
2025-01-17T12:55:10.390905Z  INFO log_store::raft_engine::log_store: Namespace 4784593567745 obsoleted 0 entries, compacted index: 0, span: (None, None)
2025-01-17T12:55:10.390906Z  INFO mito2::region::opener: Replay WAL for region: 4784593567745(1114, 1), rows recovered: 0, last entry id: 0
2025-01-17T12:55:10.390909Z  INFO mito2::worker::handle_open: Region 4784593567745(1114, 1) is opened, worker: 5
2025-01-17T12:55:10.390925Z  INFO mito2::region::opener: Start replaying memtable at flushed_entry_id + 1: 1 for region 4784593567754(1114, 10), manifest version: 0
2025-01-17T12:55:10.390930Z  INFO log_store::raft_engine::log_store: Read logstore, namespace: 4784593567754, start: 1, span: (None, None)
2025-01-17T12:55:10.390933Z  INFO log_store::raft_engine::log_store: Namespace 4784593567754 obsoleted 0 entries, compacted index: 0, span: (None, None)
2025-01-17T12:55:10.390935Z  INFO mito2::region::opener: Replay WAL for region: 4784593567754(1114, 10), rows recovered: 0, last entry id: 0
2025-01-17T12:55:10.390936Z  INFO mito2::worker::handle_open: Region 4784593567754(1114, 10) is opened, worker: 4
2025-01-17T12:55:10.390941Z  INFO mito2::manifest::manager: Recover region manifest data/greptime/public/1117/1117_0000000000/manifest/ from checkpoint version 210
2025-01-17T12:55:10.390941Z  INFO mito2::manifest::manager: Recover region manifest data/greptime/public/1114/1114_0000000007/manifest/ from checkpoint version 20
2025-01-17T12:55:10.390972Z  INFO mito2::region::opener: Start replaying memtable at flushed_entry_id + 1: 1 for region 4784593567752(1114, 8), manifest version: 0
2025-01-17T12:55:10.390976Z  INFO log_store::raft_engine::log_store: Read logstore, namespace: 4784593567752, start: 1, span: (None, None)
2025-01-17T12:55:10.390981Z  INFO log_store::raft_engine::log_store: Namespace 4784593567752 obsoleted 0 entries, compacted index: 0, span: (None, None)
2025-01-17T12:55:10.390982Z  INFO mito2::region::opener: Replay WAL for region: 4784593567752(1114, 8), rows recovered: 0, last entry id: 0
2025-01-17T12:55:10.390983Z  INFO mito2::worker::handle_open: Region 4784593567752(1114, 8) is opened, worker: 2
2025-01-17T12:55:10.391072Z  INFO mito2::region::opener: Start replaying memtable at flushed_entry_id + 1: 1 for region 4784593567753(1114, 9), manifest version: 0
2025-01-17T12:55:10.391076Z  INFO log_store::raft_engine::log_store: Read logstore, namespace: 4784593567753, start: 1, span: (None, None)
2025-01-17T12:55:10.391075Z  INFO mito2::region::opener: Start replaying memtable at flushed_entry_id + 1: 13111 for region 4784593567749(1114, 5), manifest version: 44
2025-01-17T12:55:10.391081Z  INFO log_store::raft_engine::log_store: Read logstore, namespace: 4784593567749, start: 13111, span: (Some(13111), Some(13348))
2025-01-17T12:55:10.391085Z  INFO log_store::raft_engine::log_store: Namespace 4784593567753 obsoleted 0 entries, compacted index: 0, span: (None, None)
2025-01-17T12:55:10.391086Z  INFO mito2::region::opener: Replay WAL for region: 4784593567753(1114, 9), rows recovered: 0, last entry id: 0
2025-01-17T12:55:10.391089Z  INFO mito2::worker::handle_open: Region 4784593567753(1114, 9) is opened, worker: 3
2025-01-17T12:55:10.391136Z  INFO mito2::region::opener: Start replaying memtable at flushed_entry_id + 1: 13111 for region 4784593567750(1114, 6), manifest version: 64
2025-01-17T12:55:10.391143Z  INFO log_store::raft_engine::log_store: Read logstore, namespace: 4784593567750, start: 13111, span: (Some(13111), Some(13348))
2025-01-17T12:55:10.391173Z  INFO mito2::region::opener: Start replaying memtable at flushed_entry_id + 1: 12660 for region 4797478469632(1117, 0), manifest version: 211
2025-01-17T12:55:10.391183Z  INFO log_store::raft_engine::log_store: Read logstore, namespace: 4797478469632, start: 12660, span: (Some(12660), Some(12885))
2025-01-17T12:55:10.391251Z  INFO mito2::region::opener: Start replaying memtable at flushed_entry_id + 1: 13115 for region 4784593567751(1114, 7), manifest version: 29
2025-01-17T12:55:10.391257Z  INFO log_store::raft_engine::log_store: Read logstore, namespace: 4784593567751, start: 13115, span: (Some(13115), Some(13348))
2025-01-17T12:55:10.534795Z  INFO log_store::raft_engine::log_store: Namespace 4784593567749 obsoleted 0 entries, compacted index: 13110, span: (Some(13111), Some(13348))
2025-01-17T12:55:10.534808Z  INFO mito2::region::opener: Replay WAL for region: 4784593567749(1114, 5), rows recovered: 84490, last entry id: 13348
2025-01-17T12:55:10.534815Z  INFO mito2::worker::handle_open: Region 4784593567749(1114, 5) is opened, worker: 9
2025-01-17T12:55:10.555907Z  INFO log_store::raft_engine::log_store: Namespace 4797478469632 obsoleted 0 entries, compacted index: 12659, span: (Some(12660), Some(12885))
2025-01-17T12:55:10.555920Z  INFO mito2::region::opener: Replay WAL for region: 4797478469632(1117, 0), rows recovered: 213344, last entry id: 12885
2025-01-17T12:55:10.555926Z  INFO mito2::worker::handle_open: Region 4797478469632(1117, 0) is opened, worker: 7
2025-01-17T12:55:10.580248Z  INFO log_store::raft_engine::log_store: Namespace 4784593567750 obsoleted 0 entries, compacted index: 13110, span: (Some(13111), Some(13348))
2025-01-17T12:55:10.580259Z  INFO mito2::region::opener: Replay WAL for region: 4784593567750(1114, 6), rows recovered: 115430, last entry id: 13348
2025-01-17T12:55:10.580265Z  INFO mito2::worker::handle_open: Region 4784593567750(1114, 6) is opened, worker: 0
2025-01-17T12:55:12.044736Z  INFO log_store::raft_engine::log_store: Namespace 4784593567751 obsoleted 0 entries, compacted index: 13114, span: (Some(13115), Some(13348))
2025-01-17T12:55:12.044749Z  INFO mito2::region::opener: Replay WAL for region: 4784593567751(1114, 7), rows recovered: 973440, last entry id: 13348
2025-01-17T12:55:12.044755Z  INFO mito2::worker::handle_open: Region 4784593567751(1114, 7) is opened, worker: 1
2025-01-17T12:55:12.044820Z  INFO handle_batch_open_requests: datanode::region_server: Region 4784593567744(1114, 0) is registered to engine mito
2025-01-17T12:55:12.044830Z  INFO handle_batch_open_requests: datanode::region_server: Region 4784593567745(1114, 1) is registered to engine mito
2025-01-17T12:55:12.044831Z  INFO handle_batch_open_requests: datanode::region_server: Region 4784593567746(1114, 2) is registered to engine mito
2025-01-17T12:55:12.044833Z  INFO handle_batch_open_requests: datanode::region_server: Region 4784593567747(1114, 3) is registered to engine mito
2025-01-17T12:55:12.044835Z  INFO handle_batch_open_requests: datanode::region_server: Region 4784593567748(1114, 4) is registered to engine mito
2025-01-17T12:55:12.044836Z  INFO handle_batch_open_requests: datanode::region_server: Region 4784593567749(1114, 5) is registered to engine mito
2025-01-17T12:55:12.044838Z  INFO handle_batch_open_requests: datanode::region_server: Region 4784593567750(1114, 6) is registered to engine mito
2025-01-17T12:55:12.044839Z  INFO handle_batch_open_requests: datanode::region_server: Region 4784593567751(1114, 7) is registered to engine mito
2025-01-17T12:55:12.044841Z  INFO handle_batch_open_requests: datanode::region_server: Region 4784593567752(1114, 8) is registered to engine mito
2025-01-17T12:55:12.044842Z  INFO handle_batch_open_requests: datanode::region_server: Region 4784593567753(1114, 9) is registered to engine mito
2025-01-17T12:55:12.044844Z  INFO handle_batch_open_requests: datanode::region_server: Region 4784593567754(1114, 10) is registered to engine mito
2025-01-17T12:55:12.044845Z  INFO handle_batch_open_requests: datanode::region_server: Region 4788888535040(1115, 0) is registered to engine mito
2025-01-17T12:55:12.044847Z  INFO handle_batch_open_requests: datanode::region_server: Region 4793183502336(1116, 0) is registered to engine mito
2025-01-17T12:55:12.044848Z  INFO handle_batch_open_requests: datanode::region_server: Region 4797478469632(1117, 0) is registered to engine mito
2025-01-17T12:55:12.044850Z  INFO handle_batch_open_requests: datanode::region_server: Region 4801773436928(1118, 0) is registered to engine mito
2025-01-17T12:55:12.044859Z  INFO mito2::region: Convert region 4806085181440(1119, 16777216) to leader, previous role state: Follower
2025-01-17T12:55:12.044861Z  INFO mito2::region: Convert region 4806068404224(1119, 0) to leader, previous role state: Follower
2025-01-17T12:55:12.044863Z  INFO mito2::region: Convert region 4784593567744(1114, 0) to leader, previous role state: Follower
2025-01-17T12:55:12.044864Z  INFO mito2::region: Convert region 4784593567745(1114, 1) to leader, previous role state: Follower
2025-01-17T12:55:12.044866Z  INFO mito2::region: Convert region 4784593567746(1114, 2) to leader, previous role state: Follower
2025-01-17T12:55:12.044867Z  INFO mito2::region: Convert region 4784593567747(1114, 3) to leader, previous role state: Follower
2025-01-17T12:55:12.044869Z  INFO mito2::region: Convert region 4784593567748(1114, 4) to leader, previous role state: Follower
2025-01-17T12:55:12.044870Z  INFO mito2::region: Convert region 4784593567749(1114, 5) to leader, previous role state: Follower
2025-01-17T12:55:12.044872Z  INFO mito2::region: Convert region 4784593567750(1114, 6) to leader, previous role state: Follower
2025-01-17T12:55:12.044873Z  INFO mito2::region: Convert region 4784593567751(1114, 7) to leader, previous role state: Follower
2025-01-17T12:55:12.044874Z  INFO mito2::region: Convert region 4784593567752(1114, 8) to leader, previous role state: Follower
2025-01-17T12:55:12.044876Z  INFO mito2::region: Convert region 4784593567753(1114, 9) to leader, previous role state: Follower
2025-01-17T12:55:12.044877Z  INFO mito2::region: Convert region 4784593567754(1114, 10) to leader, previous role state: Follower
2025-01-17T12:55:12.044878Z  INFO mito2::region: Convert region 4788888535040(1115, 0) to leader, previous role state: Follower
2025-01-17T12:55:12.044879Z  INFO mito2::region: Convert region 4793183502336(1116, 0) to leader, previous role state: Follower
2025-01-17T12:55:12.044881Z  INFO mito2::region: Convert region 4797478469632(1117, 0) to leader, previous role state: Follower
2025-01-17T12:55:12.044882Z  INFO mito2::region: Convert region 4801773436928(1118, 0) to leader, previous role state: Follower
2025-01-17T12:55:12.044883Z  INFO datanode::datanode: all regions are opened
2025-01-17T12:55:12.047093Z  INFO flow::server: Flow Worker started in new thread
2025-01-17T12:55:12.047200Z  INFO flow::server: Flow Worker started in new thread
2025-01-17T12:55:12.047266Z  INFO flow::server: Flow Worker started in new thread
2025-01-17T12:55:12.047500Z  INFO flow::server: Flow Worker started in new thread
2025-01-17T12:55:12.047569Z  INFO flow::server: Flow Worker started in new thread
2025-01-17T12:55:12.047747Z  INFO flow::server: Flow Worker started in new thread
2025-01-17T12:55:12.047918Z  INFO flow::server: Flow Worker started in new thread
2025-01-17T12:55:12.047993Z  INFO flow::server: Flow Worker started in new thread
2025-01-17T12:55:12.048103Z  INFO flow::server: Flow Worker started in new thread
2025-01-17T12:55:12.048144Z  INFO flow::server: Flow Worker started in new thread
2025-01-17T12:55:12.048153Z  INFO flow::server: Flow Node Manager started
2025-01-17T12:55:12.051062Z  INFO flow::adapter: Successfully create flow with id=1086
2025-01-17T12:55:12.053026Z  INFO flow::adapter: Successfully create flow with id=1084
2025-01-17T12:55:12.054639Z  INFO flow::adapter: Successfully create flow with id=1085
2025-01-17T12:55:12.055122Z  INFO cmd: Starting app: greptime-standalone
2025-01-17T12:55:12.055134Z  INFO common_greptimedb_telemetry: Attention: GreptimeDB now collects anonymous usage data to help improve its roadmap and prioritize features.
2025-01-17T12:55:12.055135Z  INFO common_greptimedb_telemetry: To learn more about this anonymous program and how to deactivate it if you don't want to participate, please visit the following URL: 
2025-01-17T12:55:12.055136Z  INFO common_greptimedb_telemetry: https://docs.greptime.com/reference/telemetry
2025-01-17T12:55:12.055148Z  INFO common_procedure::local: LocalManager is start.
2025-01-17T12:55:12.055149Z  INFO common_procedure::local: LocalManager start to recover
2025-01-17T12:55:12.055156Z  INFO common_procedure::local: LocalManager finish recovery, cost: 0ms
2025-01-17T12:55:12.055198Z  INFO servers::grpc: gRPC server is bound to 127.0.0.1:4001
2025-01-17T12:55:12.055248Z  INFO common_greptimedb_telemetry: reporting greptimedb version: StatisticData { os: "linux", version: "0.12.0", arch: "x86_64", mode: Standalone, git_commit: "f8d26b433e01f881394fcb8b35304f7be07b0da6", nodes: Some(1), uuid: "727664d3-0974-4ced-9cdd-b4cc290525a6" }
2025-01-17T12:55:12.055329Z  INFO servers::export_metrics: Start export metrics task by handler, interval: 30s
2025-01-17T12:55:12.056612Z  INFO servers::server: Service GRPC_SERVER is started at 127.0.0.1:4001
2025-01-17T12:55:12.056699Z  INFO servers::http: HTTP server is bound to 127.0.0.1:4000
2025-01-17T12:55:12.056703Z  INFO servers::server: Service HTTP_SERVER is started at 127.0.0.1:4000
2025-01-17T12:55:12.056709Z  INFO servers::server: MySQL server started at 127.0.0.1:4002
2025-01-17T12:55:12.056716Z  INFO servers::server: Service MYSQL_SERVER is started at 127.0.0.1:4002
2025-01-17T12:55:12.056720Z  INFO servers::server: Postgres server started at 127.0.0.1:4003
2025-01-17T12:55:12.056723Z  INFO servers::server: Service POSTGRES_SERVER is started at 127.0.0.1:4003
2025-01-17T12:55:12.056737Z  INFO flow::adapter: Starting flownode manager's background task
2025-01-17T12:55:25.407765Z  INFO LocalManager::submit_root_procedure: common_procedure::local::runner: Runner metasrv-procedure::DropTable-bdca8468-eb59-4226-84ea-83d46a1014f2 starts
2025-01-17T12:55:25.407980Z  INFO LocalManager::submit_root_procedure: common_meta::ddl::drop_table: Deleted table metadata for table 1114
2025-01-17T12:55:25.408204Z  INFO mito2::worker::handle_drop: Try to drop region: 4784593567744(1114, 0), worker: 4
2025-01-17T12:55:25.408216Z  INFO mito2::worker::handle_drop: Try to drop region: 4784593567745(1114, 1), worker: 5
2025-01-17T12:55:25.408243Z  INFO mito2::worker::handle_drop: Try to drop region: 4784593567753(1114, 9), worker: 3
2025-01-17T12:55:25.408259Z  INFO mito2::worker::handle_drop: Try to drop region: 4784593567749(1114, 5), worker: 9
2025-01-17T12:55:25.408281Z  INFO mito2::worker::handle_drop: Try to drop region: 4784593567747(1114, 3), worker: 7
2025-01-17T12:55:25.408303Z  INFO mito2::worker::handle_drop: Try to drop region: 4784593567752(1114, 8), worker: 2
2025-01-17T12:55:25.408306Z  INFO mito2::worker::handle_drop: Try to drop region: 4784593567751(1114, 7), worker: 1
2025-01-17T12:55:25.408324Z  INFO mito2::worker::handle_drop: Try to drop region: 4784593567748(1114, 4), worker: 8
2025-01-17T12:55:25.408334Z  INFO mito2::worker::handle_drop: Try to drop region: 4784593567746(1114, 2), worker: 6
2025-01-17T12:55:25.408340Z  INFO mito2::worker::handle_drop: Try to drop region: 4784593567750(1114, 6), worker: 0
2025-01-17T12:55:25.411287Z  INFO mito2::region: Stopped region manifest manager, region_id: 4784593567749(1114, 5)
2025-01-17T12:55:25.411289Z  INFO mito2::region: Stopped region manifest manager, region_id: 4784593567747(1114, 3)
2025-01-17T12:55:25.411304Z  INFO log_store::raft_engine::log_store: Namespace 4784593567749 obsoleted 238 entries, compacted index: 13348, span: (None, None)
2025-01-17T12:55:25.411305Z  INFO log_store::raft_engine::log_store: Namespace 4784593567747 obsoleted 0 entries, compacted index: 0, span: (None, None)
2025-01-17T12:55:25.411318Z  INFO mito2::worker::handle_drop: Region 4784593567747(1114, 3) is dropped logically, but some files are not deleted yet
2025-01-17T12:55:25.411339Z  INFO mito2::region: Stopped region manifest manager, region_id: 4784593567745(1114, 1)
2025-01-17T12:55:25.411340Z  INFO mito2::region: Stopped region manifest manager, region_id: 4784593567752(1114, 8)
2025-01-17T12:55:25.411348Z  INFO log_store::raft_engine::log_store: Namespace 4784593567752 obsoleted 0 entries, compacted index: 0, span: (None, None)
2025-01-17T12:55:25.411348Z  INFO log_store::raft_engine::log_store: Namespace 4784593567745 obsoleted 0 entries, compacted index: 0, span: (None, None)
2025-01-17T12:55:25.411349Z  INFO mito2::region: Stopped region manifest manager, region_id: 4784593567748(1114, 4)
2025-01-17T12:55:25.411351Z  INFO mito2::region: Stopped region manifest manager, region_id: 4784593567746(1114, 2)
2025-01-17T12:55:25.411354Z  INFO mito2::worker::handle_drop: Region 4784593567752(1114, 8) is dropped logically, but some files are not deleted yet
2025-01-17T12:55:25.411356Z  INFO log_store::raft_engine::log_store: Namespace 4784593567746 obsoleted 0 entries, compacted index: 0, span: (None, None)
2025-01-17T12:55:25.411356Z  INFO log_store::raft_engine::log_store: Namespace 4784593567748 obsoleted 0 entries, compacted index: 0, span: (None, None)
2025-01-17T12:55:25.411358Z  INFO mito2::worker::handle_drop: Region 4784593567745(1114, 1) is dropped logically, but some files are not deleted yet
2025-01-17T12:55:25.411363Z  INFO mito2::worker::handle_drop: Region 4784593567746(1114, 2) is dropped logically, but some files are not deleted yet
2025-01-17T12:55:25.411355Z  INFO LocalManager::submit_root_procedure:RegionInvoker::handle_region_request:RegionServer::handle_region_request{region_id="4784593567747(1114, 3)"}:handle_request{request_type="Drop"}: datanode::region_server: Region 4784593567747(1114, 3) is deregistered from engine mito
2025-01-17T12:55:25.411369Z  INFO mito2::worker::handle_drop: Region 4784593567748(1114, 4) is dropped logically, but some files are not deleted yet
2025-01-17T12:55:25.411404Z  INFO LocalManager::submit_root_procedure:RegionInvoker::handle_region_request:RegionServer::handle_region_request{region_id="4784593567748(1114, 4)"}:handle_request{request_type="Drop"}: datanode::region_server: Region 4784593567748(1114, 4) is deregistered from engine mito
2025-01-17T12:55:25.411419Z  INFO LocalManager::submit_root_procedure:RegionInvoker::handle_region_request:RegionServer::handle_region_request{region_id="4784593567752(1114, 8)"}:handle_request{request_type="Drop"}: datanode::region_server: Region 4784593567752(1114, 8) is deregistered from engine mito
2025-01-17T12:55:25.411435Z  INFO LocalManager::submit_root_procedure:RegionInvoker::handle_region_request:RegionServer::handle_region_request{region_id="4784593567745(1114, 1)"}:handle_request{request_type="Drop"}: datanode::region_server: Region 4784593567745(1114, 1) is deregistered from engine mito
2025-01-17T12:55:25.411445Z  INFO LocalManager::submit_root_procedure:RegionInvoker::handle_region_request:RegionServer::handle_region_request{region_id="4784593567746(1114, 2)"}:handle_request{request_type="Drop"}: datanode::region_server: Region 4784593567746(1114, 2) is deregistered from engine mito
2025-01-17T12:55:25.412463Z  INFO mito2::worker::handle_drop: Region 4784593567749(1114, 5) is dropped logically, but some files are not deleted yet
2025-01-17T12:55:25.412482Z  INFO LocalManager::submit_root_procedure:RegionInvoker::handle_region_request:RegionServer::handle_region_request{region_id="4784593567749(1114, 5)"}:handle_request{request_type="Drop"}: datanode::region_server: Region 4784593567749(1114, 5) is deregistered from engine mito
2025-01-17T12:55:25.412639Z  INFO mito2::sst::file_purger: Successfully deleted SST file, file_id: 3c9b5d70-2b47-4aa9-ba93-f3a816f7826a, region: 4784593567749(1114, 5)
2025-01-17T12:55:25.412648Z  INFO mito2::sst::file_purger: Successfully deleted SST file, file_id: ff319897-eba1-424e-bbd3-a41fcd52b7ae, region: 4784593567749(1114, 5)
2025-01-17T12:55:25.412737Z  INFO mito2::sst::file_purger: Successfully deleted SST file, file_id: ca9d856e-2b52-4f13-a196-1c0511d0dcd7, region: 4784593567749(1114, 5)
2025-01-17T12:55:25.413640Z  INFO mito2::region: Stopped region manifest manager, region_id: 4784593567751(1114, 7)
2025-01-17T12:55:25.413651Z  INFO mito2::region: Stopped region manifest manager, region_id: 4784593567750(1114, 6)
2025-01-17T12:55:25.413658Z  INFO mito2::region: Stopped region manifest manager, region_id: 4784593567744(1114, 0)
2025-01-17T12:55:25.413662Z  INFO log_store::raft_engine::log_store: Namespace 4784593567751 obsoleted 234 entries, compacted index: 13348, span: (None, None)
2025-01-17T12:55:25.413663Z  INFO log_store::raft_engine::log_store: Namespace 4784593567744 obsoleted 0 entries, compacted index: 0, span: (None, None)
2025-01-17T12:55:25.413669Z  INFO mito2::region: Stopped region manifest manager, region_id: 4784593567753(1114, 9)
2025-01-17T12:55:25.413671Z  INFO mito2::worker::handle_drop: Region 4784593567744(1114, 0) is dropped logically, but some files are not deleted yet
2025-01-17T12:55:25.413676Z  INFO log_store::raft_engine::log_store: Namespace 4784593567753 obsoleted 0 entries, compacted index: 0, span: (None, None)
2025-01-17T12:55:25.413681Z  INFO mito2::worker::handle_drop: Try to drop region: 4784593567754(1114, 10), worker: 4
2025-01-17T12:55:25.413684Z  INFO log_store::raft_engine::log_store: Namespace 4784593567750 obsoleted 238 entries, compacted index: 13348, span: (None, None)
2025-01-17T12:55:25.413687Z  INFO mito2::worker::handle_drop: Region 4784593567753(1114, 9) is dropped logically, but some files are not deleted yet
2025-01-17T12:55:25.413711Z  INFO LocalManager::submit_root_procedure:RegionInvoker::handle_region_request:RegionServer::handle_region_request{region_id="4784593567744(1114, 0)"}:handle_request{request_type="Drop"}: datanode::region_server: Region 4784593567744(1114, 0) is deregistered from engine mito
2025-01-17T12:55:25.413759Z  INFO LocalManager::submit_root_procedure:RegionInvoker::handle_region_request:RegionServer::handle_region_request{region_id="4784593567753(1114, 9)"}:handle_request{request_type="Drop"}: datanode::region_server: Region 4784593567753(1114, 9) is deregistered from engine mito
2025-01-17T12:55:25.413803Z  INFO mito2::sst::file_purger: Successfully deleted SST file, file_id: 1dd50f55-d254-4446-ac7e-ba12516b2ef5, region: 4784593567749(1114, 5)
2025-01-17T12:55:25.415109Z  INFO mito2::worker::handle_drop: Region 4784593567750(1114, 6) is dropped logically, but some files are not deleted yet
2025-01-17T12:55:25.415128Z  INFO LocalManager::submit_root_procedure:RegionInvoker::handle_region_request:RegionServer::handle_region_request{region_id="4784593567750(1114, 6)"}:handle_request{request_type="Drop"}: datanode::region_server: Region 4784593567750(1114, 6) is deregistered from engine mito
2025-01-17T12:55:25.415425Z  INFO mito2::sst::file_purger: Successfully deleted SST file, file_id: 885863c7-aff8-4c66-b4ac-abd4b93c81f7, region: 4784593567750(1114, 6)
2025-01-17T12:55:25.415507Z  INFO mito2::sst::file_purger: Successfully deleted SST file, file_id: a491ed95-c4be-4d5e-b821-b823386d561c, region: 4784593567750(1114, 6)
2025-01-17T12:55:25.415554Z  INFO mito2::sst::file_purger: Successfully deleted SST file, file_id: a38d19f0-6b3f-46ae-9ec9-7c971f543f71, region: 4784593567750(1114, 6)
2025-01-17T12:55:25.415666Z  INFO mito2::sst::file_purger: Successfully deleted SST file, file_id: 3926c439-725a-4248-8e27-e29e94f11b02, region: 4784593567750(1114, 6)
2025-01-17T12:55:25.416447Z  INFO mito2::region: Stopped region manifest manager, region_id: 4784593567754(1114, 10)
2025-01-17T12:55:25.416452Z  INFO log_store::raft_engine::log_store: Namespace 4784593567754 obsoleted 0 entries, compacted index: 0, span: (None, None)
2025-01-17T12:55:25.416457Z  INFO mito2::sst::file_purger: Successfully deleted SST file, file_id: 02eee1d4-d631-4ca9-bf51-00de38f13d5b, region: 4784593567750(1114, 6)
2025-01-17T12:55:25.416460Z  INFO mito2::worker::handle_drop: Region 4784593567754(1114, 10) is dropped logically, but some files are not deleted yet
2025-01-17T12:55:25.416473Z  INFO LocalManager::submit_root_procedure:RegionInvoker::handle_region_request:RegionServer::handle_region_request{region_id="4784593567754(1114, 10)"}:handle_request{request_type="Drop"}: datanode::region_server: Region 4784593567754(1114, 10) is deregistered from engine mito
2025-01-17T12:55:25.426166Z  INFO mito2::worker::handle_drop: Region 4784593567751(1114, 7) is dropped logically, but some files are not deleted yet
2025-01-17T12:55:25.426196Z  INFO LocalManager::submit_root_procedure:RegionInvoker::handle_region_request:RegionServer::handle_region_request{region_id="4784593567751(1114, 7)"}:handle_request{request_type="Drop"}: datanode::region_server: Region 4784593567751(1114, 7) is deregistered from engine mito
2025-01-17T12:55:25.426306Z  INFO LocalManager::submit_root_procedure: common_procedure::local::runner: Procedure metasrv-procedure::DropTable-bdca8468-eb59-4226-84ea-83d46a1014f2 done
2025-01-17T12:55:25.426356Z  INFO LocalManager::submit_root_procedure: common_procedure::local::runner: Runner metasrv-procedure::DropTable-bdca8468-eb59-4226-84ea-83d46a1014f2 exits
2025-01-17T12:55:25.426412Z  INFO do_query{protocol="postgres"}:do_query:execute_sql:drop_tables:DdlManager::submit_ddl_task: common_meta::ddl_manager: Table: 1114 is dropped via procedure_id ProcedureId(bdca8468-eb59-4226-84ea-83d46a1014f2)
2025-01-17T12:55:25.427487Z  INFO LocalManager::submit_root_procedure: common_procedure::local::runner: Runner metasrv-procedure::CreateTable-3739a44a-0ee8-4f58-b048-94a8e4078db0 starts
2025-01-17T12:55:25.427535Z  INFO mito2::sst::file_purger: Successfully deleted SST file, file_id: a52d21f0-8a8b-4d03-a8c4-258bc4d9dfc8, region: 4784593567751(1114, 7)
2025-01-17T12:55:25.427713Z  INFO mito2::sst::file_purger: Successfully deleted SST file, file_id: 2b565ea8-790c-43d4-83d3-399bb6f552b1, region: 4784593567751(1114, 7)
2025-01-17T12:55:25.427824Z  INFO mito2::manifest::manager: Checkpoint not found in data/greptime/public/1314/1314_0000000002/manifest/, build manifest from scratch
2025-01-17T12:55:25.427824Z  INFO mito2::manifest::manager: Checkpoint not found in data/greptime/public/1314/1314_0000000001/manifest/, build manifest from scratch
2025-01-17T12:55:25.427825Z  INFO mito2::manifest::manager: Checkpoint not found in data/greptime/public/1314/1314_0000000004/manifest/, build manifest from scratch
2025-01-17T12:55:25.427825Z  INFO mito2::manifest::manager: Checkpoint not found in data/greptime/public/1314/1314_0000000000/manifest/, build manifest from scratch
2025-01-17T12:55:25.427850Z  INFO mito2::manifest::manager: Checkpoint not found in data/greptime/public/1314/1314_0000000005/manifest/, build manifest from scratch
2025-01-17T12:55:25.427863Z  INFO mito2::manifest::manager: Checkpoint not found in data/greptime/public/1314/1314_0000000003/manifest/, build manifest from scratch
2025-01-17T12:55:25.427888Z  INFO mito2::manifest::manager: Checkpoint not found in data/greptime/public/1314/1314_0000000007/manifest/, build manifest from scratch
2025-01-17T12:55:25.427890Z  INFO mito2::manifest::manager: Creating region manifest in data/greptime/public/1314/1314_0000000001/manifest/ with metadata RegionMetadata { column_metadatas: [[os String null Field 0], [app_version String null Field 1], [view_mode String null Field 2], [first_frame_time Float64 null Field 3], [p2p_sdk_version String null Field 4], [connect_retry_times Int32 null Field 5], [video_definition Int32 null Field 6], [net_mode Int32 null Field 7], [iot_online Int32 null Field 8], [entry_mode Int32 null Field 9], [device_model String null Tag 10], [device_mac String null Field 11], [device_mac_suffix String null Tag 12], [device_firmware_version String null Field 13], [connect_step String null Field 14], [connect_result Int32 null Field 15], [connect_mode String null Field 16], [connect_error String null Field 17], [connect_id String null Field 18], [connect_protocol Int32 null Field 19], [transport_protocol String null Field 20], [isCamSDK Int32 null Field 21], [connect_step1_time Float64 null Field 22], [connect_step2_time Float64 null Field 23], [record_time TimestampNanosecond not null time_index metadata={"greptime:time_index": "true"} Timestamp 24]], time_index: 24, primary_key: [10, 12], region_id: 5643587026945(1314, 1), schema_version: 0 }
2025-01-17T12:55:25.427901Z  INFO mito2::manifest::manager: Checkpoint not found in data/greptime/public/1314/1314_0000000009/manifest/, build manifest from scratch
2025-01-17T12:55:25.427893Z  INFO mito2::manifest::manager: Creating region manifest in data/greptime/public/1314/1314_0000000004/manifest/ with metadata RegionMetadata { column_metadatas: [[os String null Field 0], [app_version String null Field 1], [view_mode String null Field 2], [first_frame_time Float64 null Field 3], [p2p_sdk_version String null Field 4], [connect_retry_times Int32 null Field 5], [video_definition Int32 null Field 6], [net_mode Int32 null Field 7], [iot_online Int32 null Field 8], [entry_mode Int32 null Field 9], [device_model String null Tag 10], [device_mac String null Field 11], [device_mac_suffix String null Tag 12], [device_firmware_version String null Field 13], [connect_step String null Field 14], [connect_result Int32 null Field 15], [connect_mode String null Field 16], [connect_error String null Field 17], [connect_id String null Field 18], [connect_protocol Int32 null Field 19], [transport_protocol String null Field 20], [isCamSDK Int32 null Field 21], [connect_step1_time Float64 null Field 22], [connect_step2_time Float64 null Field 23], [record_time TimestampNanosecond not null time_index metadata={"greptime:time_index": "true"} Timestamp 24]], time_index: 24, primary_key: [10, 12], region_id: 5643587026948(1314, 4), schema_version: 0 }
2025-01-17T12:55:25.427891Z  INFO mito2::manifest::manager: Creating region manifest in data/greptime/public/1314/1314_0000000002/manifest/ with metadata RegionMetadata { column_metadatas: [[os String null Field 0], [app_version String null Field 1], [view_mode String null Field 2], [first_frame_time Float64 null Field 3], [p2p_sdk_version String null Field 4], [connect_retry_times Int32 null Field 5], [video_definition Int32 null Field 6], [net_mode Int32 null Field 7], [iot_online Int32 null Field 8], [entry_mode Int32 null Field 9], [device_model String null Tag 10], [device_mac String null Field 11], [device_mac_suffix String null Tag 12], [device_firmware_version String null Field 13], [connect_step String null Field 14], [connect_result Int32 null Field 15], [connect_mode String null Field 16], [connect_error String null Field 17], [connect_id String null Field 18], [connect_protocol Int32 null Field 19], [transport_protocol String null Field 20], [isCamSDK Int32 null Field 21], [connect_step1_time Float64 null Field 22], [connect_step2_time Float64 null Field 23], [record_time TimestampNanosecond not null time_index metadata={"greptime:time_index": "true"} Timestamp 24]], time_index: 24, primary_key: [10, 12], region_id: 5643587026946(1314, 2), schema_version: 0 }
2025-01-17T12:55:25.427907Z  INFO mito2::manifest::manager: Creating region manifest in data/greptime/public/1314/1314_0000000005/manifest/ with metadata RegionMetadata { column_metadatas: [[os String null Field 0], [app_version String null Field 1], [view_mode String null Field 2], [first_frame_time Float64 null Field 3], [p2p_sdk_version String null Field 4], [connect_retry_times Int32 null Field 5], [video_definition Int32 null Field 6], [net_mode Int32 null Field 7], [iot_online Int32 null Field 8], [entry_mode Int32 null Field 9], [device_model String null Tag 10], [device_mac String null Field 11], [device_mac_suffix String null Tag 12], [device_firmware_version String null Field 13], [connect_step String null Field 14], [connect_result Int32 null Field 15], [connect_mode String null Field 16], [connect_error String null Field 17], [connect_id String null Field 18], [connect_protocol Int32 null Field 19], [transport_protocol String null Field 20], [isCamSDK Int32 null Field 21], [connect_step1_time Float64 null Field 22], [connect_step2_time Float64 null Field 23], [record_time TimestampNanosecond not null time_index metadata={"greptime:time_index": "true"} Timestamp 24]], time_index: 24, primary_key: [10, 12], region_id: 5643587026949(1314, 5), schema_version: 0 }
2025-01-17T12:55:25.427920Z  INFO mito2::manifest::manager: Checkpoint not found in data/greptime/public/1314/1314_0000000006/manifest/, build manifest from scratch
2025-01-17T12:55:25.427913Z  INFO mito2::manifest::manager: Creating region manifest in data/greptime/public/1314/1314_0000000003/manifest/ with metadata RegionMetadata { column_metadatas: [[os String null Field 0], [app_version String null Field 1], [view_mode String null Field 2], [first_frame_time Float64 null Field 3], [p2p_sdk_version String null Field 4], [connect_retry_times Int32 null Field 5], [video_definition Int32 null Field 6], [net_mode Int32 null Field 7], [iot_online Int32 null Field 8], [entry_mode Int32 null Field 9], [device_model String null Tag 10], [device_mac String null Field 11], [device_mac_suffix String null Tag 12], [device_firmware_version String null Field 13], [connect_step String null Field 14], [connect_result Int32 null Field 15], [connect_mode String null Field 16], [connect_error String null Field 17], [connect_id String null Field 18], [connect_protocol Int32 null Field 19], [transport_protocol String null Field 20], [isCamSDK Int32 null Field 21], [connect_step1_time Float64 null Field 22], [connect_step2_time Float64 null Field 23], [record_time TimestampNanosecond not null time_index metadata={"greptime:time_index": "true"} Timestamp 24]], time_index: 24, primary_key: [10, 12], region_id: 5643587026947(1314, 3), schema_version: 0 }
2025-01-17T12:55:25.427944Z  INFO mito2::manifest::manager: Creating region manifest in data/greptime/public/1314/1314_0000000006/manifest/ with metadata RegionMetadata { column_metadatas: [[os String null Field 0], [app_version String null Field 1], [view_mode String null Field 2], [first_frame_time Float64 null Field 3], [p2p_sdk_version String null Field 4], [connect_retry_times Int32 null Field 5], [video_definition Int32 null Field 6], [net_mode Int32 null Field 7], [iot_online Int32 null Field 8], [entry_mode Int32 null Field 9], [device_model String null Tag 10], [device_mac String null Field 11], [device_mac_suffix String null Tag 12], [device_firmware_version String null Field 13], [connect_step String null Field 14], [connect_result Int32 null Field 15], [connect_mode String null Field 16], [connect_error String null Field 17], [connect_id String null Field 18], [connect_protocol Int32 null Field 19], [transport_protocol String null Field 20], [isCamSDK Int32 null Field 21], [connect_step1_time Float64 null Field 22], [connect_step2_time Float64 null Field 23], [record_time TimestampNanosecond not null time_index metadata={"greptime:time_index": "true"} Timestamp 24]], time_index: 24, primary_key: [10, 12], region_id: 5643587026950(1314, 6), schema_version: 0 }
2025-01-17T12:55:25.427940Z  INFO mito2::manifest::manager: Creating region manifest in data/greptime/public/1314/1314_0000000009/manifest/ with metadata RegionMetadata { column_metadatas: [[os String null Field 0], [app_version String null Field 1], [view_mode String null Field 2], [first_frame_time Float64 null Field 3], [p2p_sdk_version String null Field 4], [connect_retry_times Int32 null Field 5], [video_definition Int32 null Field 6], [net_mode Int32 null Field 7], [iot_online Int32 null Field 8], [entry_mode Int32 null Field 9], [device_model String null Tag 10], [device_mac String null Field 11], [device_mac_suffix String null Tag 12], [device_firmware_version String null Field 13], [connect_step String null Field 14], [connect_result Int32 null Field 15], [connect_mode String null Field 16], [connect_error String null Field 17], [connect_id String null Field 18], [connect_protocol Int32 null Field 19], [transport_protocol String null Field 20], [isCamSDK Int32 null Field 21], [connect_step1_time Float64 null Field 22], [connect_step2_time Float64 null Field 23], [record_time TimestampNanosecond not null time_index metadata={"greptime:time_index": "true"} Timestamp 24]], time_index: 24, primary_key: [10, 12], region_id: 5643587026953(1314, 9), schema_version: 0 }
2025-01-17T12:55:25.428012Z  INFO mito2::manifest::manager: Creating region manifest in data/greptime/public/1314/1314_0000000000/manifest/ with metadata RegionMetadata { column_metadatas: [[os String null Field 0], [app_version String null Field 1], [view_mode String null Field 2], [first_frame_time Float64 null Field 3], [p2p_sdk_version String null Field 4], [connect_retry_times Int32 null Field 5], [video_definition Int32 null Field 6], [net_mode Int32 null Field 7], [iot_online Int32 null Field 8], [entry_mode Int32 null Field 9], [device_model String null Tag 10], [device_mac String null Field 11], [device_mac_suffix String null Tag 12], [device_firmware_version String null Field 13], [connect_step String null Field 14], [connect_result Int32 null Field 15], [connect_mode String null Field 16], [connect_error String null Field 17], [connect_id String null Field 18], [connect_protocol Int32 null Field 19], [transport_protocol String null Field 20], [isCamSDK Int32 null Field 21], [connect_step1_time Float64 null Field 22], [connect_step2_time Float64 null Field 23], [record_time TimestampNanosecond not null time_index metadata={"greptime:time_index": "true"} Timestamp 24]], time_index: 24, primary_key: [10, 12], region_id: 5643587026944(1314, 0), schema_version: 0 }
2025-01-17T12:55:25.428062Z  INFO mito2::manifest::manager: Checkpoint not found in data/greptime/public/1314/1314_0000000008/manifest/, build manifest from scratch
2025-01-17T12:55:25.428066Z  INFO mito2::manifest::manager: Creating region manifest in data/greptime/public/1314/1314_0000000007/manifest/ with metadata RegionMetadata { column_metadatas: [[os String null Field 0], [app_version String null Field 1], [view_mode String null Field 2], [first_frame_time Float64 null Field 3], [p2p_sdk_version String null Field 4], [connect_retry_times Int32 null Field 5], [video_definition Int32 null Field 6], [net_mode Int32 null Field 7], [iot_online Int32 null Field 8], [entry_mode Int32 null Field 9], [device_model String null Tag 10], [device_mac String null Field 11], [device_mac_suffix String null Tag 12], [device_firmware_version String null Field 13], [connect_step String null Field 14], [connect_result Int32 null Field 15], [connect_mode String null Field 16], [connect_error String null Field 17], [connect_id String null Field 18], [connect_protocol Int32 null Field 19], [transport_protocol String null Field 20], [isCamSDK Int32 null Field 21], [connect_step1_time Float64 null Field 22], [connect_step2_time Float64 null Field 23], [record_time TimestampNanosecond not null time_index metadata={"greptime:time_index": "true"} Timestamp 24]], time_index: 24, primary_key: [10, 12], region_id: 5643587026951(1314, 7), schema_version: 0 }
2025-01-17T12:55:25.428078Z  INFO mito2::manifest::manager: Creating region manifest in data/greptime/public/1314/1314_0000000008/manifest/ with metadata RegionMetadata { column_metadatas: [[os String null Field 0], [app_version String null Field 1], [view_mode String null Field 2], [first_frame_time Float64 null Field 3], [p2p_sdk_version String null Field 4], [connect_retry_times Int32 null Field 5], [video_definition Int32 null Field 6], [net_mode Int32 null Field 7], [iot_online Int32 null Field 8], [entry_mode Int32 null Field 9], [device_model String null Tag 10], [device_mac String null Field 11], [device_mac_suffix String null Tag 12], [device_firmware_version String null Field 13], [connect_step String null Field 14], [connect_result Int32 null Field 15], [connect_mode String null Field 16], [connect_error String null Field 17], [connect_id String null Field 18], [connect_protocol Int32 null Field 19], [transport_protocol String null Field 20], [isCamSDK Int32 null Field 21], [connect_step1_time Float64 null Field 22], [connect_step2_time Float64 null Field 23], [record_time TimestampNanosecond not null time_index metadata={"greptime:time_index": "true"} Timestamp 24]], time_index: 24, primary_key: [10, 12], region_id: 5643587026952(1314, 8), schema_version: 0 }
2025-01-17T12:55:25.428080Z  INFO mito2::sst::file_purger: Successfully deleted SST file, file_id: 32500524-0ede-490c-97c7-a9457fbf7e28, region: 4784593567751(1114, 7)
2025-01-17T12:55:25.428222Z  INFO mito2::sst::file_purger: Successfully deleted SST file, file_id: 2786ff78-0f88-4ce9-80b5-447437f1bca2, region: 4784593567751(1114, 7)
2025-01-17T12:55:25.431675Z  INFO mito2::worker::handle_create: A new region created, worker: 5, region: RegionMetadata { column_metadatas: [[os String null Field 0], [app_version String null Field 1], [view_mode String null Field 2], [first_frame_time Float64 null Field 3], [p2p_sdk_version String null Field 4], [connect_retry_times Int32 null Field 5], [video_definition Int32 null Field 6], [net_mode Int32 null Field 7], [iot_online Int32 null Field 8], [entry_mode Int32 null Field 9], [device_model String null Tag 10], [device_mac String null Field 11], [device_mac_suffix String null Tag 12], [device_firmware_version String null Field 13], [connect_step String null Field 14], [connect_result Int32 null Field 15], [connect_mode String null Field 16], [connect_error String null Field 17], [connect_id String null Field 18], [connect_protocol Int32 null Field 19], [transport_protocol String null Field 20], [isCamSDK Int32 null Field 21], [connect_step1_time Float64 null Field 22], [connect_step2_time Float64 null Field 23], [record_time TimestampNanosecond not null time_index metadata={"greptime:time_index": "true"} Timestamp 24]], time_index: 24, primary_key: [10, 12], region_id: 5643587026945(1314, 1), schema_version: 0 }
2025-01-17T12:55:25.431688Z  INFO mito2::worker::handle_create: A new region created, worker: 3, region: RegionMetadata { column_metadatas: [[os String null Field 0], [app_version String null Field 1], [view_mode String null Field 2], [first_frame_time Float64 null Field 3], [p2p_sdk_version String null Field 4], [connect_retry_times Int32 null Field 5], [video_definition Int32 null Field 6], [net_mode Int32 null Field 7], [iot_online Int32 null Field 8], [entry_mode Int32 null Field 9], [device_model String null Tag 10], [device_mac String null Field 11], [device_mac_suffix String null Tag 12], [device_firmware_version String null Field 13], [connect_step String null Field 14], [connect_result Int32 null Field 15], [connect_mode String null Field 16], [connect_error String null Field 17], [connect_id String null Field 18], [connect_protocol Int32 null Field 19], [transport_protocol String null Field 20], [isCamSDK Int32 null Field 21], [connect_step1_time Float64 null Field 22], [connect_step2_time Float64 null Field 23], [record_time TimestampNanosecond not null time_index metadata={"greptime:time_index": "true"} Timestamp 24]], time_index: 24, primary_key: [10, 12], region_id: 5643587026953(1314, 9), schema_version: 0 }
2025-01-17T12:55:25.431691Z  INFO mito2::worker::handle_create: A new region created, worker: 8, region: RegionMetadata { column_metadatas: [[os String null Field 0], [app_version String null Field 1], [view_mode String null Field 2], [first_frame_time Float64 null Field 3], [p2p_sdk_version String null Field 4], [connect_retry_times Int32 null Field 5], [video_definition Int32 null Field 6], [net_mode Int32 null Field 7], [iot_online Int32 null Field 8], [entry_mode Int32 null Field 9], [device_model String null Tag 10], [device_mac String null Field 11], [device_mac_suffix String null Tag 12], [device_firmware_version String null Field 13], [connect_step String null Field 14], [connect_result Int32 null Field 15], [connect_mode String null Field 16], [connect_error String null Field 17], [connect_id String null Field 18], [connect_protocol Int32 null Field 19], [transport_protocol String null Field 20], [isCamSDK Int32 null Field 21], [connect_step1_time Float64 null Field 22], [connect_step2_time Float64 null Field 23], [record_time TimestampNanosecond not null time_index metadata={"greptime:time_index": "true"} Timestamp 24]], time_index: 24, primary_key: [10, 12], region_id: 5643587026948(1314, 4), schema_version: 0 }
2025-01-17T12:55:25.431716Z  INFO LocalManager::submit_root_procedure:RegionInvoker::handle_region_request:RegionServer::handle_region_request{region_id="5643587026945(1314, 1)"}:handle_request{request_type="Create"}: datanode::region_server: Region 5643587026945(1314, 1) is registered to engine mito
2025-01-17T12:55:25.431735Z  INFO LocalManager::submit_root_procedure:RegionInvoker::handle_region_request:RegionServer::handle_region_request{region_id="5643587026948(1314, 4)"}:handle_request{request_type="Create"}: datanode::region_server: Region 5643587026948(1314, 4) is registered to engine mito
2025-01-17T12:55:25.431752Z  INFO LocalManager::submit_root_procedure:RegionInvoker::handle_region_request:RegionServer::handle_region_request{region_id="5643587026953(1314, 9)"}:handle_request{request_type="Create"}: datanode::region_server: Region 5643587026953(1314, 9) is registered to engine mito
2025-01-17T12:55:25.434299Z  INFO mito2::worker::handle_create: A new region created, worker: 2, region: RegionMetadata { column_metadatas: [[os String null Field 0], [app_version String null Field 1], [view_mode String null Field 2], [first_frame_time Float64 null Field 3], [p2p_sdk_version String null Field 4], [connect_retry_times Int32 null Field 5], [video_definition Int32 null Field 6], [net_mode Int32 null Field 7], [iot_online Int32 null Field 8], [entry_mode Int32 null Field 9], [device_model String null Tag 10], [device_mac String null Field 11], [device_mac_suffix String null Tag 12], [device_firmware_version String null Field 13], [connect_step String null Field 14], [connect_result Int32 null Field 15], [connect_mode String null Field 16], [connect_error String null Field 17], [connect_id String null Field 18], [connect_protocol Int32 null Field 19], [transport_protocol String null Field 20], [isCamSDK Int32 null Field 21], [connect_step1_time Float64 null Field 22], [connect_step2_time Float64 null Field 23], [record_time TimestampNanosecond not null time_index metadata={"greptime:time_index": "true"} Timestamp 24]], time_index: 24, primary_key: [10, 12], region_id: 5643587026952(1314, 8), schema_version: 0 }
2025-01-17T12:55:25.434310Z  INFO mito2::worker::handle_create: A new region created, worker: 6, region: RegionMetadata { column_metadatas: [[os String null Field 0], [app_version String null Field 1], [view_mode String null Field 2], [first_frame_time Float64 null Field 3], [p2p_sdk_version String null Field 4], [connect_retry_times Int32 null Field 5], [video_definition Int32 null Field 6], [net_mode Int32 null Field 7], [iot_online Int32 null Field 8], [entry_mode Int32 null Field 9], [device_model String null Tag 10], [device_mac String null Field 11], [device_mac_suffix String null Tag 12], [device_firmware_version String null Field 13], [connect_step String null Field 14], [connect_result Int32 null Field 15], [connect_mode String null Field 16], [connect_error String null Field 17], [connect_id String null Field 18], [connect_protocol Int32 null Field 19], [transport_protocol String null Field 20], [isCamSDK Int32 null Field 21], [connect_step1_time Float64 null Field 22], [connect_step2_time Float64 null Field 23], [record_time TimestampNanosecond not null time_index metadata={"greptime:time_index": "true"} Timestamp 24]], time_index: 24, primary_key: [10, 12], region_id: 5643587026946(1314, 2), schema_version: 0 }
2025-01-17T12:55:25.434336Z  INFO LocalManager::submit_root_procedure:RegionInvoker::handle_region_request:RegionServer::handle_region_request{region_id="5643587026946(1314, 2)"}:handle_request{request_type="Create"}: datanode::region_server: Region 5643587026946(1314, 2) is registered to engine mito
2025-01-17T12:55:25.434336Z  INFO mito2::worker::handle_create: A new region created, worker: 0, region: RegionMetadata { column_metadatas: [[os String null Field 0], [app_version String null Field 1], [view_mode String null Field 2], [first_frame_time Float64 null Field 3], [p2p_sdk_version String null Field 4], [connect_retry_times Int32 null Field 5], [video_definition Int32 null Field 6], [net_mode Int32 null Field 7], [iot_online Int32 null Field 8], [entry_mode Int32 null Field 9], [device_model String null Tag 10], [device_mac String null Field 11], [device_mac_suffix String null Tag 12], [device_firmware_version String null Field 13], [connect_step String null Field 14], [connect_result Int32 null Field 15], [connect_mode String null Field 16], [connect_error String null Field 17], [connect_id String null Field 18], [connect_protocol Int32 null Field 19], [transport_protocol String null Field 20], [isCamSDK Int32 null Field 21], [connect_step1_time Float64 null Field 22], [connect_step2_time Float64 null Field 23], [record_time TimestampNanosecond not null time_index metadata={"greptime:time_index": "true"} Timestamp 24]], time_index: 24, primary_key: [10, 12], region_id: 5643587026950(1314, 6), schema_version: 0 }
2025-01-17T12:55:25.434352Z  INFO LocalManager::submit_root_procedure:RegionInvoker::handle_region_request:RegionServer::handle_region_request{region_id="5643587026950(1314, 6)"}:handle_request{request_type="Create"}: datanode::region_server: Region 5643587026950(1314, 6) is registered to engine mito
2025-01-17T12:55:25.434343Z  INFO mito2::worker::handle_create: A new region created, worker: 1, region: RegionMetadata { column_metadatas: [[os String null Field 0], [app_version String null Field 1], [view_mode String null Field 2], [first_frame_time Float64 null Field 3], [p2p_sdk_version String null Field 4], [connect_retry_times Int32 null Field 5], [video_definition Int32 null Field 6], [net_mode Int32 null Field 7], [iot_online Int32 null Field 8], [entry_mode Int32 null Field 9], [device_model String null Tag 10], [device_mac String null Field 11], [device_mac_suffix String null Tag 12], [device_firmware_version String null Field 13], [connect_step String null Field 14], [connect_result Int32 null Field 15], [connect_mode String null Field 16], [connect_error String null Field 17], [connect_id String null Field 18], [connect_protocol Int32 null Field 19], [transport_protocol String null Field 20], [isCamSDK Int32 null Field 21], [connect_step1_time Float64 null Field 22], [connect_step2_time Float64 null Field 23], [record_time TimestampNanosecond not null time_index metadata={"greptime:time_index": "true"} Timestamp 24]], time_index: 24, primary_key: [10, 12], region_id: 5643587026951(1314, 7), schema_version: 0 }
2025-01-17T12:55:25.434360Z  INFO mito2::worker::handle_create: A new region created, worker: 9, region: RegionMetadata { column_metadatas: [[os String null Field 0], [app_version String null Field 1], [view_mode String null Field 2], [first_frame_time Float64 null Field 3], [p2p_sdk_version String null Field 4], [connect_retry_times Int32 null Field 5], [video_definition Int32 null Field 6], [net_mode Int32 null Field 7], [iot_online Int32 null Field 8], [entry_mode Int32 null Field 9], [device_model String null Tag 10], [device_mac String null Field 11], [device_mac_suffix String null Tag 12], [device_firmware_version String null Field 13], [connect_step String null Field 14], [connect_result Int32 null Field 15], [connect_mode String null Field 16], [connect_error String null Field 17], [connect_id String null Field 18], [connect_protocol Int32 null Field 19], [transport_protocol String null Field 20], [isCamSDK Int32 null Field 21], [connect_step1_time Float64 null Field 22], [connect_step2_time Float64 null Field 23], [record_time TimestampNanosecond not null time_index metadata={"greptime:time_index": "true"} Timestamp 24]], time_index: 24, primary_key: [10, 12], region_id: 5643587026949(1314, 5), schema_version: 0 }
2025-01-17T12:55:25.434374Z  INFO mito2::worker::handle_create: A new region created, worker: 7, region: RegionMetadata { column_metadatas: [[os String null Field 0], [app_version String null Field 1], [view_mode String null Field 2], [first_frame_time Float64 null Field 3], [p2p_sdk_version String null Field 4], [connect_retry_times Int32 null Field 5], [video_definition Int32 null Field 6], [net_mode Int32 null Field 7], [iot_online Int32 null Field 8], [entry_mode Int32 null Field 9], [device_model String null Tag 10], [device_mac String null Field 11], [device_mac_suffix String null Tag 12], [device_firmware_version String null Field 13], [connect_step String null Field 14], [connect_result Int32 null Field 15], [connect_mode String null Field 16], [connect_error String null Field 17], [connect_id String null Field 18], [connect_protocol Int32 null Field 19], [transport_protocol String null Field 20], [isCamSDK Int32 null Field 21], [connect_step1_time Float64 null Field 22], [connect_step2_time Float64 null Field 23], [record_time TimestampNanosecond not null time_index metadata={"greptime:time_index": "true"} Timestamp 24]], time_index: 24, primary_key: [10, 12], region_id: 5643587026947(1314, 3), schema_version: 0 }
2025-01-17T12:55:25.434385Z  INFO LocalManager::submit_root_procedure:RegionInvoker::handle_region_request:RegionServer::handle_region_request{region_id="5643587026951(1314, 7)"}:handle_request{request_type="Create"}: datanode::region_server: Region 5643587026951(1314, 7) is registered to engine mito
2025-01-17T12:55:25.434399Z  INFO LocalManager::submit_root_procedure:RegionInvoker::handle_region_request:RegionServer::handle_region_request{region_id="5643587026952(1314, 8)"}:handle_request{request_type="Create"}: datanode::region_server: Region 5643587026952(1314, 8) is registered to engine mito
2025-01-17T12:55:25.434402Z  INFO mito2::worker::handle_create: A new region created, worker: 4, region: RegionMetadata { column_metadatas: [[os String null Field 0], [app_version String null Field 1], [view_mode String null Field 2], [first_frame_time Float64 null Field 3], [p2p_sdk_version String null Field 4], [connect_retry_times Int32 null Field 5], [video_definition Int32 null Field 6], [net_mode Int32 null Field 7], [iot_online Int32 null Field 8], [entry_mode Int32 null Field 9], [device_model String null Tag 10], [device_mac String null Field 11], [device_mac_suffix String null Tag 12], [device_firmware_version String null Field 13], [connect_step String null Field 14], [connect_result Int32 null Field 15], [connect_mode String null Field 16], [connect_error String null Field 17], [connect_id String null Field 18], [connect_protocol Int32 null Field 19], [transport_protocol String null Field 20], [isCamSDK Int32 null Field 21], [connect_step1_time Float64 null Field 22], [connect_step2_time Float64 null Field 23], [record_time TimestampNanosecond not null time_index metadata={"greptime:time_index": "true"} Timestamp 24]], time_index: 24, primary_key: [10, 12], region_id: 5643587026944(1314, 0), schema_version: 0 }
2025-01-17T12:55:25.434413Z  INFO LocalManager::submit_root_procedure:RegionInvoker::handle_region_request:RegionServer::handle_region_request{region_id="5643587026947(1314, 3)"}:handle_request{request_type="Create"}: datanode::region_server: Region 5643587026947(1314, 3) is registered to engine mito
2025-01-17T12:55:25.434420Z  INFO LocalManager::submit_root_procedure:RegionInvoker::handle_region_request:RegionServer::handle_region_request{region_id="5643587026949(1314, 5)"}:handle_request{request_type="Create"}: datanode::region_server: Region 5643587026949(1314, 5) is registered to engine mito
2025-01-17T12:55:25.434428Z  INFO LocalManager::submit_root_procedure:RegionInvoker::handle_region_request:RegionServer::handle_region_request{region_id="5643587026944(1314, 0)"}:handle_request{request_type="Create"}: datanode::region_server: Region 5643587026944(1314, 0) is registered to engine mito
2025-01-17T12:55:25.434489Z  INFO mito2::manifest::manager: Checkpoint not found in data/greptime/public/1314/1314_0000000010/manifest/, build manifest from scratch
2025-01-17T12:55:25.434523Z  INFO mito2::manifest::manager: Creating region manifest in data/greptime/public/1314/1314_0000000010/manifest/ with metadata RegionMetadata { column_metadatas: [[os String null Field 0], [app_version String null Field 1], [view_mode String null Field 2], [first_frame_time Float64 null Field 3], [p2p_sdk_version String null Field 4], [connect_retry_times Int32 null Field 5], [video_definition Int32 null Field 6], [net_mode Int32 null Field 7], [iot_online Int32 null Field 8], [entry_mode Int32 null Field 9], [device_model String null Tag 10], [device_mac String null Field 11], [device_mac_suffix String null Tag 12], [device_firmware_version String null Field 13], [connect_step String null Field 14], [connect_result Int32 null Field 15], [connect_mode String null Field 16], [connect_error String null Field 17], [connect_id String null Field 18], [connect_protocol Int32 null Field 19], [transport_protocol String null Field 20], [isCamSDK Int32 null Field 21], [connect_step1_time Float64 null Field 22], [connect_step2_time Float64 null Field 23], [record_time TimestampNanosecond not null time_index metadata={"greptime:time_index": "true"} Timestamp 24]], time_index: 24, primary_key: [10, 12], region_id: 5643587026954(1314, 10), schema_version: 0 }
2025-01-17T12:55:25.437085Z  INFO mito2::worker::handle_create: A new region created, worker: 4, region: RegionMetadata { column_metadatas: [[os String null Field 0], [app_version String null Field 1], [view_mode String null Field 2], [first_frame_time Float64 null Field 3], [p2p_sdk_version String null Field 4], [connect_retry_times Int32 null Field 5], [video_definition Int32 null Field 6], [net_mode Int32 null Field 7], [iot_online Int32 null Field 8], [entry_mode Int32 null Field 9], [device_model String null Tag 10], [device_mac String null Field 11], [device_mac_suffix String null Tag 12], [device_firmware_version String null Field 13], [connect_step String null Field 14], [connect_result Int32 null Field 15], [connect_mode String null Field 16], [connect_error String null Field 17], [connect_id String null Field 18], [connect_protocol Int32 null Field 19], [transport_protocol String null Field 20], [isCamSDK Int32 null Field 21], [connect_step1_time Float64 null Field 22], [connect_step2_time Float64 null Field 23], [record_time TimestampNanosecond not null time_index metadata={"greptime:time_index": "true"} Timestamp 24]], time_index: 24, primary_key: [10, 12], region_id: 5643587026954(1314, 10), schema_version: 0 }
2025-01-17T12:55:25.437111Z  INFO LocalManager::submit_root_procedure:RegionInvoker::handle_region_request:RegionServer::handle_region_request{region_id="5643587026954(1314, 10)"}:handle_request{request_type="Create"}: datanode::region_server: Region 5643587026954(1314, 10) is registered to engine mito
2025-01-17T12:55:25.437283Z  INFO LocalManager::submit_root_procedure: common_meta::ddl::create_table: Created table metadata for table 1314
2025-01-17T12:55:25.437294Z  INFO LocalManager::submit_root_procedure: common_procedure::local::runner: Procedure metasrv-procedure::CreateTable-3739a44a-0ee8-4f58-b048-94a8e4078db0 done
2025-01-17T12:55:25.437345Z  INFO LocalManager::submit_root_procedure: common_procedure::local::runner: Runner metasrv-procedure::CreateTable-3739a44a-0ee8-4f58-b048-94a8e4078db0 exits
2025-01-17T12:55:25.437400Z  INFO do_query{protocol="postgres"}:do_query:execute_sql:create_table:create_table_inner:DdlManager::submit_ddl_task: common_meta::ddl_manager: Table: 1314 is created via procedure_id ProcedureId(3739a44a-0ee8-4f58-b048-94a8e4078db0)
2025-01-17T12:55:25.437408Z  INFO do_query{protocol="postgres"}:do_query:execute_sql:create_table:create_table_inner: operator::statement::ddl: Successfully created table 'greptime.public.live_connection_log' with table id 1314
2025-01-17T12:55:25.437676Z  INFO LocalManager::submit_root_procedure: common_procedure::local::runner: Runner metasrv-procedure::DropTable-85632002-5c08-47db-be27-a3eaa16e40f1 starts
2025-01-17T12:55:25.437758Z  INFO LocalManager::submit_root_procedure: common_meta::ddl::drop_table: Deleted table metadata for table 1115
2025-01-17T12:55:25.437824Z  INFO mito2::worker::handle_drop: Try to drop region: 4788888535040(1115, 0), worker: 5
2025-01-17T12:55:25.440155Z  INFO mito2::sst::file_purger: Successfully deleted SST file, file_id: e025ca57-ec8d-460a-89f0-8ecce1f74b7a, region: 4784593567751(1114, 7)
2025-01-17T12:55:25.440189Z  INFO mito2::region: Stopped region manifest manager, region_id: 4788888535040(1115, 0)
2025-01-17T12:55:25.440193Z  INFO log_store::raft_engine::log_store: Namespace 4788888535040 obsoleted 0 entries, compacted index: 0, span: (None, None)
2025-01-17T12:55:25.440202Z  INFO mito2::worker::handle_drop: Region 4788888535040(1115, 0) is dropped logically, but some files are not deleted yet
2025-01-17T12:55:25.440214Z  INFO LocalManager::submit_root_procedure:RegionInvoker::handle_region_request:RegionServer::handle_region_request{region_id="4788888535040(1115, 0)"}:handle_request{request_type="Drop"}: datanode::region_server: Region 4788888535040(1115, 0) is deregistered from engine mito
2025-01-17T12:55:25.440251Z  INFO LocalManager::submit_root_procedure: common_procedure::local::runner: Procedure metasrv-procedure::DropTable-85632002-5c08-47db-be27-a3eaa16e40f1 done
2025-01-17T12:55:25.440272Z  INFO LocalManager::submit_root_procedure: common_procedure::local::runner: Runner metasrv-procedure::DropTable-85632002-5c08-47db-be27-a3eaa16e40f1 exits
2025-01-17T12:55:25.440306Z  INFO do_query{protocol="postgres"}:do_query:execute_sql:drop_tables:DdlManager::submit_ddl_task: common_meta::ddl_manager: Table: 1115 is dropped via procedure_id ProcedureId(85632002-5c08-47db-be27-a3eaa16e40f1)
2025-01-17T12:55:25.440547Z  INFO LocalManager::submit_root_procedure: common_procedure::local::runner: Runner metasrv-procedure::CreateTable-3e978e2a-a08a-47a7-8581-70b4d779025b starts
2025-01-17T12:55:25.440675Z  INFO mito2::manifest::manager: Checkpoint not found in data/greptime/public/1315/1315_0000000000/manifest/, build manifest from scratch
2025-01-17T12:55:25.440703Z  INFO mito2::manifest::manager: Creating region manifest in data/greptime/public/1315/1315_0000000000/manifest/ with metadata RegionMetadata { column_metadatas: [[os String null Tag 0], [app_version String null Tag 1], [device_model String null Tag 2], [connect_protocol Int32 null Tag 3], [device_firmware_version String null Tag 4], [avg_connect_retry_times Float64 null Field 5], [total_connect_result_ok Int64 null Field 6], [total_connect_result_fail Int64 null Field 7], [total_connect Int64 null Field 8], [conection_rate Float64 null Field 9], [record_time_window TimestampNanosecond not null time_index metadata={"greptime:time_index": "true"} Timestamp 10], [update_at TimestampMillisecond null Field 11]], time_index: 10, primary_key: [0, 1, 2, 3, 4], region_id: 5647881994240(1315, 0), schema_version: 0 }
2025-01-17T12:55:25.443361Z  INFO mito2::worker::handle_create: A new region created, worker: 5, region: RegionMetadata { column_metadatas: [[os String null Tag 0], [app_version String null Tag 1], [device_model String null Tag 2], [connect_protocol Int32 null Tag 3], [device_firmware_version String null Tag 4], [avg_connect_retry_times Float64 null Field 5], [total_connect_result_ok Int64 null Field 6], [total_connect_result_fail Int64 null Field 7], [total_connect Int64 null Field 8], [conection_rate Float64 null Field 9], [record_time_window TimestampNanosecond not null time_index metadata={"greptime:time_index": "true"} Timestamp 10], [update_at TimestampMillisecond null Field 11]], time_index: 10, primary_key: [0, 1, 2, 3, 4], region_id: 5647881994240(1315, 0), schema_version: 0 }
2025-01-17T12:55:25.443383Z  INFO LocalManager::submit_root_procedure:RegionInvoker::handle_region_request:RegionServer::handle_region_request{region_id="5647881994240(1315, 0)"}:handle_request{request_type="Create"}: datanode::region_server: Region 5647881994240(1315, 0) is registered to engine mito
2025-01-17T12:55:25.443459Z  INFO LocalManager::submit_root_procedure: common_meta::ddl::create_table: Created table metadata for table 1315
2025-01-17T12:55:25.443467Z  INFO LocalManager::submit_root_procedure: common_procedure::local::runner: Procedure metasrv-procedure::CreateTable-3e978e2a-a08a-47a7-8581-70b4d779025b done
2025-01-17T12:55:25.443491Z  INFO LocalManager::submit_root_procedure: common_procedure::local::runner: Runner metasrv-procedure::CreateTable-3e978e2a-a08a-47a7-8581-70b4d779025b exits
2025-01-17T12:55:25.443503Z  INFO do_query{protocol="postgres"}:do_query:execute_sql:create_table:create_table_inner:DdlManager::submit_ddl_task: common_meta::ddl_manager: Table: 1315 is created via procedure_id ProcedureId(3e978e2a-a08a-47a7-8581-70b4d779025b)
2025-01-17T12:55:25.443510Z  INFO do_query{protocol="postgres"}:do_query:execute_sql:create_table:create_table_inner: operator::statement::ddl: Successfully created table 'greptime.public.live_connection_statistics_rate_1h' with table id 1315
2025-01-17T12:55:25.443668Z  INFO LocalManager::submit_root_procedure: common_procedure::local::runner: Runner metasrv-procedure::DropFlow-b264901e-edfa-4ccf-9917-e568c078f06e starts
2025-01-17T12:55:25.443816Z  INFO LocalManager::submit_root_procedure: common_meta::ddl::drop_flow: Deleted flow metadata for flow 1084
2025-01-17T12:55:25.443970Z  INFO LocalManager::submit_root_procedure: common_procedure::local::runner: Procedure metasrv-procedure::DropFlow-b264901e-edfa-4ccf-9917-e568c078f06e done
2025-01-17T12:55:25.443993Z  INFO LocalManager::submit_root_procedure: common_procedure::local::runner: Runner metasrv-procedure::DropFlow-b264901e-edfa-4ccf-9917-e568c078f06e exits
2025-01-17T12:55:25.444005Z  INFO do_query{protocol="postgres"}:do_query:execute_sql:drop_flow:DdlManager::submit_ddl_task: common_meta::ddl_manager: Flow greptime.live_connection_aggregation_rate_1h(1084) is dropped via procedure_id ProcedureId(b264901e-edfa-4ccf-9917-e568c078f06e)
2025-01-17T12:55:25.444482Z  INFO LocalManager::submit_root_procedure: common_procedure::local::runner: Runner metasrv-procedure::CreateFlow-370f4912-d19a-4127-aad2-9571916c5dec starts
2025-01-17T12:55:25.444503Z  WARN LocalManager::submit_root_procedure: common_meta::ddl::create_flow: Table already exists, table: greptime.public.live_connection_statistics_rate_1h
2025-01-17T12:55:25.444545Z  INFO LocalManager::submit_root_procedure: common_meta::ddl::create_flow: Creating flow(Some(1094)) on flownodes with peers=[Peer { id: 0, addr: "" }]
2025-01-17T12:55:25.448114Z  INFO LocalManager::submit_root_procedure: flow::adapter: Successfully create flow with id=1094
2025-01-17T12:55:25.448182Z  INFO LocalManager::submit_root_procedure: common_meta::key::flow: Creating flow greptime.live_connection_aggregation_rate_1h(1094), with 5 txn operations
2025-01-17T12:55:25.448199Z  INFO LocalManager::submit_root_procedure: common_meta::ddl::create_flow: Created flow metadata for flow 1094
2025-01-17T12:55:25.448247Z  INFO LocalManager::submit_root_procedure: common_procedure::local::runner: Procedure metasrv-procedure::CreateFlow-370f4912-d19a-4127-aad2-9571916c5dec done
2025-01-17T12:55:25.448281Z  INFO LocalManager::submit_root_procedure: common_procedure::local::runner: Runner metasrv-procedure::CreateFlow-370f4912-d19a-4127-aad2-9571916c5dec exits
2025-01-17T12:55:25.448301Z  INFO do_query{protocol="postgres"}:do_query:execute_sql:create_flow:DdlManager::submit_ddl_task: common_meta::ddl_manager: Flow greptime.live_connection_aggregation_rate_1h(1094) is created via procedure_id ProcedureId(370f4912-d19a-4127-aad2-9571916c5dec)
2025-01-17T12:55:25.448550Z  INFO LocalManager::submit_root_procedure: common_procedure::local::runner: Runner metasrv-procedure::DropTable-070e49f3-5231-499b-bae0-a2f4b062b80f starts
2025-01-17T12:55:25.448675Z  INFO LocalManager::submit_root_procedure: common_meta::ddl::drop_table: Deleted table metadata for table 1116
2025-01-17T12:55:25.448755Z  INFO mito2::worker::handle_drop: Try to drop region: 4793183502336(1116, 0), worker: 6
2025-01-17T12:55:25.451324Z  INFO mito2::region: Stopped region manifest manager, region_id: 4793183502336(1116, 0)
2025-01-17T12:55:25.451334Z  INFO log_store::raft_engine::log_store: Namespace 4793183502336 obsoleted 0 entries, compacted index: 0, span: (None, None)
2025-01-17T12:55:25.451350Z  INFO mito2::worker::handle_drop: Region 4793183502336(1116, 0) is dropped logically, but some files are not deleted yet
2025-01-17T12:55:25.451371Z  INFO LocalManager::submit_root_procedure:RegionInvoker::handle_region_request:RegionServer::handle_region_request{region_id="4793183502336(1116, 0)"}:handle_request{request_type="Drop"}: datanode::region_server: Region 4793183502336(1116, 0) is deregistered from engine mito
2025-01-17T12:55:25.451440Z  INFO LocalManager::submit_root_procedure: common_procedure::local::runner: Procedure metasrv-procedure::DropTable-070e49f3-5231-499b-bae0-a2f4b062b80f done
2025-01-17T12:55:25.451480Z  INFO LocalManager::submit_root_procedure: common_procedure::local::runner: Runner metasrv-procedure::DropTable-070e49f3-5231-499b-bae0-a2f4b062b80f exits
2025-01-17T12:55:25.451497Z  INFO do_query{protocol="postgres"}:do_query:execute_sql:drop_tables:DdlManager::submit_ddl_task: common_meta::ddl_manager: Table: 1116 is dropped via procedure_id ProcedureId(070e49f3-5231-499b-bae0-a2f4b062b80f)
2025-01-17T12:55:25.452008Z  INFO LocalManager::submit_root_procedure: common_procedure::local::runner: Runner metasrv-procedure::CreateTable-00d5a30a-ee29-41d6-bf60-76d7e5c30184 starts
2025-01-17T12:55:25.452300Z  INFO mito2::manifest::manager: Checkpoint not found in data/greptime/public/1316/1316_0000000000/manifest/, build manifest from scratch
2025-01-17T12:55:25.452396Z  INFO mito2::manifest::manager: Creating region manifest in data/greptime/public/1316/1316_0000000000/manifest/ with metadata RegionMetadata { column_metadatas: [[os String null Tag 0], [app_version String null Tag 1], [device_model String null Tag 2], [connect_protocol Int32 null Tag 3], [device_firmware_version String null Tag 4], [avg_connect_retry_times Float64 null Field 5], [total_connect Int64 null Field 6], [avg_first_frame_time Float64 null Field 7], [max_first_frame_time Float64 null Field 8], [record_time_window TimestampNanosecond not null time_index metadata={"greptime:time_index": "true"} Timestamp 9], [update_at TimestampMillisecond null Field 10]], time_index: 9, primary_key: [0, 1, 2, 3, 4], region_id: 5652176961536(1316, 0), schema_version: 0 }
2025-01-17T12:55:25.455509Z  INFO mito2::worker::handle_create: A new region created, worker: 6, region: RegionMetadata { column_metadatas: [[os String null Tag 0], [app_version String null Tag 1], [device_model String null Tag 2], [connect_protocol Int32 null Tag 3], [device_firmware_version String null Tag 4], [avg_connect_retry_times Float64 null Field 5], [total_connect Int64 null Field 6], [avg_first_frame_time Float64 null Field 7], [max_first_frame_time Float64 null Field 8], [record_time_window TimestampNanosecond not null time_index metadata={"greptime:time_index": "true"} Timestamp 9], [update_at TimestampMillisecond null Field 10]], time_index: 9, primary_key: [0, 1, 2, 3, 4], region_id: 5652176961536(1316, 0), schema_version: 0 }
2025-01-17T12:55:25.455552Z  INFO LocalManager::submit_root_procedure:RegionInvoker::handle_region_request:RegionServer::handle_region_request{region_id="5652176961536(1316, 0)"}:handle_request{request_type="Create"}: datanode::region_server: Region 5652176961536(1316, 0) is registered to engine mito
2025-01-17T12:55:25.455717Z  INFO LocalManager::submit_root_procedure: common_meta::ddl::create_table: Created table metadata for table 1316
2025-01-17T12:55:25.455735Z  INFO LocalManager::submit_root_procedure: common_procedure::local::runner: Procedure metasrv-procedure::CreateTable-00d5a30a-ee29-41d6-bf60-76d7e5c30184 done
2025-01-17T12:55:25.455789Z  INFO LocalManager::submit_root_procedure: common_procedure::local::runner: Runner metasrv-procedure::CreateTable-00d5a30a-ee29-41d6-bf60-76d7e5c30184 exits
2025-01-17T12:55:25.455818Z  INFO do_query{protocol="postgres"}:do_query:execute_sql:create_table:create_table_inner:DdlManager::submit_ddl_task: common_meta::ddl_manager: Table: 1316 is created via procedure_id ProcedureId(00d5a30a-ee29-41d6-bf60-76d7e5c30184)
2025-01-17T12:55:25.455831Z  INFO do_query{protocol="postgres"}:do_query:execute_sql:create_table:create_table_inner: operator::statement::ddl: Successfully created table 'greptime.public.live_connection_statistics_speed_1h' with table id 1316
2025-01-17T12:55:25.456141Z  INFO LocalManager::submit_root_procedure: common_procedure::local::runner: Runner metasrv-procedure::DropFlow-ab32c8a2-f34a-422b-a7dd-4a29f354ced3 starts
2025-01-17T12:55:25.456254Z  INFO LocalManager::submit_root_procedure: common_meta::ddl::drop_flow: Deleted flow metadata for flow 1085
2025-01-17T12:55:25.456506Z  INFO LocalManager::submit_root_procedure: common_procedure::local::runner: Procedure metasrv-procedure::DropFlow-ab32c8a2-f34a-422b-a7dd-4a29f354ced3 done
2025-01-17T12:55:25.456577Z  INFO LocalManager::submit_root_procedure: common_procedure::local::runner: Runner metasrv-procedure::DropFlow-ab32c8a2-f34a-422b-a7dd-4a29f354ced3 exits
2025-01-17T12:55:25.456602Z  INFO do_query{protocol="postgres"}:do_query:execute_sql:drop_flow:DdlManager::submit_ddl_task: common_meta::ddl_manager: Flow greptime.live_connection_aggregation_speed_1h(1085) is dropped via procedure_id ProcedureId(ab32c8a2-f34a-422b-a7dd-4a29f354ced3)
2025-01-17T12:55:25.457306Z  INFO LocalManager::submit_root_procedure: common_procedure::local::runner: Runner metasrv-procedure::CreateFlow-79e7fd2a-d0ad-4e0b-9639-03623e66f0f0 starts
2025-01-17T12:55:25.457335Z  WARN LocalManager::submit_root_procedure: common_meta::ddl::create_flow: Table already exists, table: greptime.public.live_connection_statistics_speed_1h
2025-01-17T12:55:25.457409Z  INFO LocalManager::submit_root_procedure: common_meta::ddl::create_flow: Creating flow(Some(1095)) on flownodes with peers=[Peer { id: 0, addr: "" }]
2025-01-17T12:55:25.464507Z  INFO LocalManager::submit_root_procedure: flow::adapter: Successfully create flow with id=1095
2025-01-17T12:55:25.464633Z  INFO LocalManager::submit_root_procedure: common_meta::key::flow: Creating flow greptime.live_connection_aggregation_speed_1h(1095), with 5 txn operations
2025-01-17T12:55:25.464662Z  INFO LocalManager::submit_root_procedure: common_meta::ddl::create_flow: Created flow metadata for flow 1095
2025-01-17T12:55:25.464759Z  INFO LocalManager::submit_root_procedure: common_procedure::local::runner: Procedure metasrv-procedure::CreateFlow-79e7fd2a-d0ad-4e0b-9639-03623e66f0f0 done
2025-01-17T12:55:25.464828Z  INFO LocalManager::submit_root_procedure: common_procedure::local::runner: Runner metasrv-procedure::CreateFlow-79e7fd2a-d0ad-4e0b-9639-03623e66f0f0 exits
2025-01-17T12:55:25.464866Z  INFO do_query{protocol="postgres"}:do_query:execute_sql:create_flow:DdlManager::submit_ddl_task: common_meta::ddl_manager: Flow greptime.live_connection_aggregation_speed_1h(1095) is created via procedure_id ProcedureId(79e7fd2a-d0ad-4e0b-9639-03623e66f0f0)
2025-01-17T12:55:25.465404Z  INFO LocalManager::submit_root_procedure: common_procedure::local::runner: Runner metasrv-procedure::DropTable-d31fd9ff-e4dc-41d7-9864-c7be87135cf4 starts
2025-01-17T12:55:25.465673Z  INFO LocalManager::submit_root_procedure: common_meta::ddl::drop_table: Deleted table metadata for table 1117
2025-01-17T12:55:25.467053Z  INFO mito2::worker::handle_drop: Try to drop region: 4797478469632(1117, 0), worker: 7
2025-01-17T12:55:25.470263Z  INFO mito2::region: Stopped region manifest manager, region_id: 4797478469632(1117, 0)
2025-01-17T12:55:25.470313Z  INFO log_store::raft_engine::log_store: Namespace 4797478469632 obsoleted 226 entries, compacted index: 12885, span: (None, None)
2025-01-17T12:55:25.473368Z  INFO mito2::worker::handle_drop: Region 4797478469632(1117, 0) is dropped logically, but some files are not deleted yet
2025-01-17T12:55:25.473454Z  INFO LocalManager::submit_root_procedure:RegionInvoker::handle_region_request:RegionServer::handle_region_request{region_id="4797478469632(1117, 0)"}:handle_request{request_type="Drop"}: datanode::region_server: Region 4797478469632(1117, 0) is deregistered from engine mito
2025-01-17T12:55:25.473798Z  INFO LocalManager::submit_root_procedure: common_procedure::local::runner: Procedure metasrv-procedure::DropTable-d31fd9ff-e4dc-41d7-9864-c7be87135cf4 done
2025-01-17T12:55:25.473949Z  INFO LocalManager::submit_root_procedure: common_procedure::local::runner: Runner metasrv-procedure::DropTable-d31fd9ff-e4dc-41d7-9864-c7be87135cf4 exits
2025-01-17T12:55:25.474020Z  INFO do_query{protocol="postgres"}:do_query:execute_sql:drop_tables:DdlManager::submit_ddl_task: common_meta::ddl_manager: Table: 1117 is dropped via procedure_id ProcedureId(d31fd9ff-e4dc-41d7-9864-c7be87135cf4)
2025-01-17T12:55:25.474074Z  INFO mito2::sst::file_purger: Successfully deleted SST file, file_id: f2b4ca46-6410-4620-8fa7-a587ae53a6f6, region: 4797478469632(1117, 0)
2025-01-17T12:55:25.474097Z  INFO mito2::sst::file_purger: Successfully deleted SST file, file_id: 25cbb390-061a-4bd8-85a9-9d75bd6be327, region: 4797478469632(1117, 0)
2025-01-17T12:55:25.474173Z  INFO mito2::sst::file_purger: Successfully deleted SST file, file_id: c723d3bc-f883-4345-baf7-d6be1475e721, region: 4797478469632(1117, 0)
2025-01-17T12:55:25.474196Z  INFO mito2::sst::file_purger: Successfully deleted SST file, file_id: 77cb47be-658e-4ca3-ae9e-e8a7df91675c, region: 4797478469632(1117, 0)
2025-01-17T12:55:25.474206Z  INFO mito2::sst::file_purger: Successfully deleted SST file, file_id: b8b2b178-e7fb-4981-b765-841d59e6b7cb, region: 4797478469632(1117, 0)
2025-01-17T12:55:25.474254Z  INFO mito2::sst::file_purger: Successfully deleted SST file, file_id: 7219e990-8714-45d8-8b33-b0c68bc2e641, region: 4797478469632(1117, 0)
2025-01-17T12:55:25.474343Z  INFO mito2::sst::file_purger: Successfully deleted SST file, file_id: 89835dff-091e-4248-a8ef-6d16d87409dc, region: 4797478469632(1117, 0)
2025-01-17T12:55:25.475067Z  INFO LocalManager::submit_root_procedure: common_procedure::local::runner: Runner metasrv-procedure::CreateTable-9fe62007-1574-46d5-878f-1d857e336a72 starts
2025-01-17T12:55:25.475725Z  INFO mito2::manifest::manager: Checkpoint not found in data/greptime/public/1317/1317_0000000000/manifest/, build manifest from scratch
2025-01-17T12:55:25.475844Z  INFO mito2::manifest::manager: Creating region manifest in data/greptime/public/1317/1317_0000000000/manifest/ with metadata RegionMetadata { column_metadatas: [[os String null Tag 0], [app_version String null Tag 1], [device_model String null Tag 2], [connect_protocol Int32 null Tag 3], [connect_error String null Tag 4], [device_firmware_version String null Tag 5], [total_connect Int64 null Field 6], [record_time_window TimestampNanosecond not null time_index metadata={"greptime:time_index": "true"} Timestamp 7], [update_at TimestampMillisecond null Field 8]], time_index: 7, primary_key: [0, 1, 2, 4, 3, 5], region_id: 5656471928832(1317, 0), schema_version: 0 }
2025-01-17T12:55:25.479928Z  INFO mito2::worker::handle_create: A new region created, worker: 7, region: RegionMetadata { column_metadatas: [[os String null Tag 0], [app_version String null Tag 1], [device_model String null Tag 2], [connect_protocol Int32 null Tag 3], [connect_error String null Tag 4], [device_firmware_version String null Tag 5], [total_connect Int64 null Field 6], [record_time_window TimestampNanosecond not null time_index metadata={"greptime:time_index": "true"} Timestamp 7], [update_at TimestampMillisecond null Field 8]], time_index: 7, primary_key: [0, 1, 2, 4, 3, 5], region_id: 5656471928832(1317, 0), schema_version: 0 }
2025-01-17T12:55:25.480026Z  INFO LocalManager::submit_root_procedure:RegionInvoker::handle_region_request:RegionServer::handle_region_request{region_id="5656471928832(1317, 0)"}:handle_request{request_type="Create"}: datanode::region_server: Region 5656471928832(1317, 0) is registered to engine mito
2025-01-17T12:55:25.480366Z  INFO LocalManager::submit_root_procedure: common_meta::ddl::create_table: Created table metadata for table 1317
2025-01-17T12:55:25.480418Z  INFO LocalManager::submit_root_procedure: common_procedure::local::runner: Procedure metasrv-procedure::CreateTable-9fe62007-1574-46d5-878f-1d857e336a72 done
2025-01-17T12:55:25.480508Z  INFO LocalManager::submit_root_procedure: common_procedure::local::runner: Runner metasrv-procedure::CreateTable-9fe62007-1574-46d5-878f-1d857e336a72 exits
2025-01-17T12:55:25.480564Z  INFO do_query{protocol="postgres"}:do_query:execute_sql:create_table:create_table_inner:DdlManager::submit_ddl_task: common_meta::ddl_manager: Table: 1317 is created via procedure_id ProcedureId(9fe62007-1574-46d5-878f-1d857e336a72)
2025-01-17T12:55:25.480585Z  INFO do_query{protocol="postgres"}:do_query:execute_sql:create_table:create_table_inner: operator::statement::ddl: Successfully created table 'greptime.public.live_connection_statistics_common_1h' with table id 1317
2025-01-17T12:55:25.481588Z  INFO LocalManager::submit_root_procedure: common_procedure::local::runner: Runner metasrv-procedure::DropFlow-00b7767b-8573-47b3-9d6a-f0afe7477ae0 starts
2025-01-17T12:55:25.481827Z  INFO LocalManager::submit_root_procedure: common_meta::ddl::drop_flow: Deleted flow metadata for flow 1086
2025-01-17T12:55:25.482208Z  INFO LocalManager::submit_root_procedure: common_procedure::local::runner: Procedure metasrv-procedure::DropFlow-00b7767b-8573-47b3-9d6a-f0afe7477ae0 done
2025-01-17T12:55:25.482289Z  INFO LocalManager::submit_root_procedure: common_procedure::local::runner: Runner metasrv-procedure::DropFlow-00b7767b-8573-47b3-9d6a-f0afe7477ae0 exits
2025-01-17T12:55:25.482330Z  INFO do_query{protocol="postgres"}:do_query:execute_sql:drop_flow:DdlManager::submit_ddl_task: common_meta::ddl_manager: Flow greptime.live_connection_aggregation_common_1h(1086) is dropped via procedure_id ProcedureId(00b7767b-8573-47b3-9d6a-f0afe7477ae0)
2025-01-17T12:55:25.483680Z  INFO LocalManager::submit_root_procedure: common_procedure::local::runner: Runner metasrv-procedure::CreateFlow-60c59795-5ec1-4c5a-b5b4-9da4f9cb5852 starts
2025-01-17T12:55:25.483730Z  WARN LocalManager::submit_root_procedure: common_meta::ddl::create_flow: Table already exists, table: greptime.public.live_connection_statistics_common_1h
2025-01-17T12:55:25.483855Z  INFO LocalManager::submit_root_procedure: common_meta::ddl::create_flow: Creating flow(Some(1096)) on flownodes with peers=[Peer { id: 0, addr: "" }]
2025-01-17T12:55:25.490624Z  INFO LocalManager::submit_root_procedure: flow::adapter: Successfully create flow with id=1096
2025-01-17T12:55:25.490763Z  INFO LocalManager::submit_root_procedure: common_meta::key::flow: Creating flow greptime.live_connection_aggregation_common_1h(1096), with 5 txn operations
2025-01-17T12:55:25.490795Z  INFO LocalManager::submit_root_procedure: common_meta::ddl::create_flow: Created flow metadata for flow 1096
2025-01-17T12:55:25.490895Z  INFO LocalManager::submit_root_procedure: common_procedure::local::runner: Procedure metasrv-procedure::CreateFlow-60c59795-5ec1-4c5a-b5b4-9da4f9cb5852 done
2025-01-17T12:55:25.490973Z  INFO LocalManager::submit_root_procedure: common_procedure::local::runner: Runner metasrv-procedure::CreateFlow-60c59795-5ec1-4c5a-b5b4-9da4f9cb5852 exits
2025-01-17T12:55:25.491014Z  INFO do_query{protocol="postgres"}:do_query:execute_sql:create_flow:DdlManager::submit_ddl_task: common_meta::ddl_manager: Flow greptime.live_connection_aggregation_common_1h(1096) is created via procedure_id ProcedureId(60c59795-5ec1-4c5a-b5b4-9da4f9cb5852)
2025-01-17T12:55:25.491605Z  INFO LocalManager::submit_root_procedure: common_procedure::local::runner: Runner metasrv-procedure::DropTable-df73c6d5-acda-4798-88ae-ab08625a7245 starts
2025-01-17T12:55:25.491847Z  INFO LocalManager::submit_root_procedure: common_meta::ddl::drop_table: Deleted table metadata for table 1118
2025-01-17T12:55:25.492006Z  INFO mito2::worker::handle_drop: Try to drop region: 4801773436928(1118, 0), worker: 8
2025-01-17T12:55:25.494937Z  INFO mito2::region: Stopped region manifest manager, region_id: 4801773436928(1118, 0)
2025-01-17T12:55:25.494957Z  INFO log_store::raft_engine::log_store: Namespace 4801773436928 obsoleted 0 entries, compacted index: 0, span: (None, None)
2025-01-17T12:55:25.494990Z  INFO mito2::worker::handle_drop: Region 4801773436928(1118, 0) is dropped logically, but some files are not deleted yet
2025-01-17T12:55:25.495051Z  INFO LocalManager::submit_root_procedure:RegionInvoker::handle_region_request:RegionServer::handle_region_request{region_id="4801773436928(1118, 0)"}:handle_request{request_type="Drop"}: datanode::region_server: Region 4801773436928(1118, 0) is deregistered from engine mito
2025-01-17T12:55:25.495192Z  INFO LocalManager::submit_root_procedure: common_procedure::local::runner: Procedure metasrv-procedure::DropTable-df73c6d5-acda-4798-88ae-ab08625a7245 done
2025-01-17T12:55:25.495268Z  INFO LocalManager::submit_root_procedure: common_procedure::local::runner: Runner metasrv-procedure::DropTable-df73c6d5-acda-4798-88ae-ab08625a7245 exits
2025-01-17T12:55:25.495300Z  INFO do_query{protocol="postgres"}:do_query:execute_sql:drop_tables:DdlManager::submit_ddl_task: common_meta::ddl_manager: Table: 1118 is dropped via procedure_id ProcedureId(df73c6d5-acda-4798-88ae-ab08625a7245)
2025-01-17T12:55:25.496268Z  INFO LocalManager::submit_root_procedure: common_procedure::local::runner: Runner metasrv-procedure::CreateTable-b1b5cdd5-585c-41db-84e2-869da5558376 starts
2025-01-17T12:55:25.496848Z  INFO mito2::manifest::manager: Checkpoint not found in data/greptime/public/1318/1318_0000000000/manifest/, build manifest from scratch
2025-01-17T12:55:25.496998Z  INFO mito2::manifest::manager: Creating region manifest in data/greptime/public/1318/1318_0000000000/manifest/ with metadata RegionMetadata { column_metadatas: [[os String null Tag 0], [app_version String null Tag 1], [device_model String null Tag 2], [connect_protocol Int32 null Tag 3], [avg_first_frame_time Float64 null Field 4], [max_first_frame_time Float64 null Field 5], [total_connect Int64 null Field 6], [buket0_connect Int64 null Field 7], [buket1_connect Int64 null Field 8], [buket2_connect Int64 null Field 9], [buket3_connect Int64 null Field 10], [buket4_connect Int64 null Field 11], [buket5_connect Int64 null Field 12], [buket6_connect Int64 null Field 13], [buket7_connect Int64 null Field 14], [buket8_connect Int64 null Field 15], [buket9_connect Int64 null Field 16], [buket10_connect Int64 null Field 17], [buket11_connect Int64 null Field 18], [record_time_window TimestampNanosecond not null time_index metadata={"greptime:time_index": "true"} Timestamp 19], [update_at TimestampMillisecond null Field 20]], time_index: 19, primary_key: [0, 1, 2, 3], region_id: 5660766896128(1318, 0), schema_version: 0 }
2025-01-17T12:55:25.500633Z  INFO mito2::worker::handle_create: A new region created, worker: 8, region: RegionMetadata { column_metadatas: [[os String null Tag 0], [app_version String null Tag 1], [device_model String null Tag 2], [connect_protocol Int32 null Tag 3], [avg_first_frame_time Float64 null Field 4], [max_first_frame_time Float64 null Field 5], [total_connect Int64 null Field 6], [buket0_connect Int64 null Field 7], [buket1_connect Int64 null Field 8], [buket2_connect Int64 null Field 9], [buket3_connect Int64 null Field 10], [buket4_connect Int64 null Field 11], [buket5_connect Int64 null Field 12], [buket6_connect Int64 null Field 13], [buket7_connect Int64 null Field 14], [buket8_connect Int64 null Field 15], [buket9_connect Int64 null Field 16], [buket10_connect Int64 null Field 17], [buket11_connect Int64 null Field 18], [record_time_window TimestampNanosecond not null time_index metadata={"greptime:time_index": "true"} Timestamp 19], [update_at TimestampMillisecond null Field 20]], time_index: 19, primary_key: [0, 1, 2, 3], region_id: 5660766896128(1318, 0), schema_version: 0 }
2025-01-17T12:55:25.500723Z  INFO LocalManager::submit_root_procedure:RegionInvoker::handle_region_request:RegionServer::handle_region_request{region_id="5660766896128(1318, 0)"}:handle_request{request_type="Create"}: datanode::region_server: Region 5660766896128(1318, 0) is registered to engine mito
2025-01-17T12:55:25.501033Z  INFO LocalManager::submit_root_procedure: common_meta::ddl::create_table: Created table metadata for table 1318
2025-01-17T12:55:25.501062Z  INFO LocalManager::submit_root_procedure: common_procedure::local::runner: Procedure metasrv-procedure::CreateTable-b1b5cdd5-585c-41db-84e2-869da5558376 done
2025-01-17T12:55:25.501146Z  INFO LocalManager::submit_root_procedure: common_procedure::local::runner: Runner metasrv-procedure::CreateTable-b1b5cdd5-585c-41db-84e2-869da5558376 exits
2025-01-17T12:55:25.501192Z  INFO do_query{protocol="postgres"}:do_query:execute_sql:create_table:create_table_inner:DdlManager::submit_ddl_task: common_meta::ddl_manager: Table: 1318 is created via procedure_id ProcedureId(b1b5cdd5-585c-41db-84e2-869da5558376)
2025-01-17T12:55:25.501214Z  INFO do_query{protocol="postgres"}:do_query:execute_sql:create_table:create_table_inner: operator::statement::ddl: Successfully created table 'greptime.public.live_connection_statistics_first_frame_time_1h_v2' with table id 1318
2025-01-17T12:55:42.063473Z  INFO operator::insert: Table `greptime.greptime_metrics.greptime_meta_procedure_drop_table_bucket` does not exist, try creating table
2025-01-17T12:55:42.063746Z  INFO operator::insert: Table `greptime.greptime_metrics.raft_engine_read_entry_duration_seconds_count` does not exist, try creating table
2025-01-17T12:55:42.063879Z  INFO operator::insert: Table `greptime.greptime_metrics.raft_engine_read_entry_count_bucket` does not exist, try creating table
2025-01-17T12:55:42.063990Z  INFO operator::insert: Table `greptime.greptime_metrics.greptime_meta_procedure_drop_table_sum` does not exist, try creating table
2025-01-17T12:55:42.064254Z  INFO operator::insert: Table `greptime.greptime_metrics.raft_engine_read_entry_count_count` does not exist, try creating table
2025-01-17T12:55:42.064431Z  INFO operator::insert: Table `greptime.greptime_metrics.raft_engine_read_entry_duration_seconds_sum` does not exist, try creating table
2025-01-17T12:55:42.064464Z  INFO operator::insert: Table `greptime.greptime_metrics.raft_engine_read_entry_duration_seconds_bucket` does not exist, try creating table
2025-01-17T12:55:42.064490Z  INFO operator::insert: Table `greptime.greptime_metrics.greptime_meta_procedure_drop_table_count` does not exist, try creating table
2025-01-17T12:55:42.064762Z  INFO operator::insert: Table `greptime.greptime_metrics.raft_engine_read_entry_count_sum` does not exist, try creating table
2025-01-17T12:55:42.064821Z  INFO LocalManager::submit_root_procedure: common_procedure::local::runner: Runner metasrv-procedure::CreateLogicalTables-6173d718-5cd4-47fe-b96c-1b548f84f9b4 starts
2025-01-17T12:55:42.066792Z  INFO LocalManager::submit_root_procedure:RegionInvoker::handle_region_request:RegionServer::handle_region_request{region_id="5665061863424(1319, 0)"}:handle_request{request_type="Create"}: metric_engine::engine::create: Created new logical region 5665061863424(1319, 0) on physical region 4806068404224(1119, 0)
2025-01-17T12:55:42.066816Z  INFO LocalManager::submit_root_procedure:RegionInvoker::handle_region_request:RegionServer::handle_region_request{region_id="5665061863424(1319, 0)"}:handle_request{request_type="Create"}: datanode::region_server: Region 5665061863424(1319, 0) is registered to engine metric
2025-01-17T12:55:42.067042Z  INFO LocalManager::submit_root_procedure:RegionInvoker::handle_region_request:RegionServer::handle_region_request{region_id="5669356830720(1320, 0)"}:handle_request{request_type="Create"}: metric_engine::engine::create: Created new logical region 5669356830720(1320, 0) on physical region 4806068404224(1119, 0)
2025-01-17T12:55:42.067058Z  INFO LocalManager::submit_root_procedure:RegionInvoker::handle_region_request:RegionServer::handle_region_request{region_id="5669356830720(1320, 0)"}:handle_request{request_type="Create"}: datanode::region_server: Region 5669356830720(1320, 0) is registered to engine metric
2025-01-17T12:55:42.067324Z  INFO LocalManager::submit_root_procedure:RegionInvoker::handle_region_request:RegionServer::handle_region_request{region_id="5673651798016(1321, 0)"}:handle_request{request_type="Create"}: metric_engine::engine::create: Created new logical region 5673651798016(1321, 0) on physical region 4806068404224(1119, 0)
2025-01-17T12:55:42.067340Z  INFO LocalManager::submit_root_procedure:RegionInvoker::handle_region_request:RegionServer::handle_region_request{region_id="5673651798016(1321, 0)"}:handle_request{request_type="Create"}: datanode::region_server: Region 5673651798016(1321, 0) is registered to engine metric
2025-01-17T12:55:42.067645Z  INFO LocalManager::submit_root_procedure:RegionInvoker::handle_region_request:RegionServer::handle_region_request{region_id="5677946765312(1322, 0)"}:handle_request{request_type="Create"}: metric_engine::engine::create: Created new logical region 5677946765312(1322, 0) on physical region 4806068404224(1119, 0)
2025-01-17T12:55:42.067664Z  INFO LocalManager::submit_root_procedure:RegionInvoker::handle_region_request:RegionServer::handle_region_request{region_id="5677946765312(1322, 0)"}:handle_request{request_type="Create"}: datanode::region_server: Region 5677946765312(1322, 0) is registered to engine metric
2025-01-17T12:55:42.067884Z  INFO LocalManager::submit_root_procedure:RegionInvoker::handle_region_request:RegionServer::handle_region_request{region_id="5682241732608(1323, 0)"}:handle_request{request_type="Create"}: metric_engine::engine::create: Created new logical region 5682241732608(1323, 0) on physical region 4806068404224(1119, 0)
2025-01-17T12:55:42.067897Z  INFO LocalManager::submit_root_procedure:RegionInvoker::handle_region_request:RegionServer::handle_region_request{region_id="5682241732608(1323, 0)"}:handle_request{request_type="Create"}: datanode::region_server: Region 5682241732608(1323, 0) is registered to engine metric
2025-01-17T12:55:42.068112Z  INFO LocalManager::submit_root_procedure:RegionInvoker::handle_region_request:RegionServer::handle_region_request{region_id="5686536699904(1324, 0)"}:handle_request{request_type="Create"}: metric_engine::engine::create: Created new logical region 5686536699904(1324, 0) on physical region 4806068404224(1119, 0)
2025-01-17T12:55:42.068125Z  INFO LocalManager::submit_root_procedure:RegionInvoker::handle_region_request:RegionServer::handle_region_request{region_id="5686536699904(1324, 0)"}:handle_request{request_type="Create"}: datanode::region_server: Region 5686536699904(1324, 0) is registered to engine metric
2025-01-17T12:55:42.068413Z  INFO LocalManager::submit_root_procedure:RegionInvoker::handle_region_request:RegionServer::handle_region_request{region_id="5690831667200(1325, 0)"}:handle_request{request_type="Create"}: metric_engine::engine::create: Created new logical region 5690831667200(1325, 0) on physical region 4806068404224(1119, 0)
2025-01-17T12:55:42.068427Z  INFO LocalManager::submit_root_procedure:RegionInvoker::handle_region_request:RegionServer::handle_region_request{region_id="5690831667200(1325, 0)"}:handle_request{request_type="Create"}: datanode::region_server: Region 5690831667200(1325, 0) is registered to engine metric
2025-01-17T12:55:42.068704Z  INFO LocalManager::submit_root_procedure:RegionInvoker::handle_region_request:RegionServer::handle_region_request{region_id="5695126634496(1326, 0)"}:handle_request{request_type="Create"}: metric_engine::engine::create: Created new logical region 5695126634496(1326, 0) on physical region 4806068404224(1119, 0)
2025-01-17T12:55:42.068719Z  INFO LocalManager::submit_root_procedure:RegionInvoker::handle_region_request:RegionServer::handle_region_request{region_id="5695126634496(1326, 0)"}:handle_request{request_type="Create"}: datanode::region_server: Region 5695126634496(1326, 0) is registered to engine metric
2025-01-17T12:55:42.068945Z  INFO LocalManager::submit_root_procedure:RegionInvoker::handle_region_request:RegionServer::handle_region_request{region_id="5699421601792(1327, 0)"}:handle_request{request_type="Create"}: metric_engine::engine::create: Created new logical region 5699421601792(1327, 0) on physical region 4806068404224(1119, 0)
2025-01-17T12:55:42.068958Z  INFO LocalManager::submit_root_procedure:RegionInvoker::handle_region_request:RegionServer::handle_region_request{region_id="5699421601792(1327, 0)"}:handle_request{request_type="Create"}: datanode::region_server: Region 5699421601792(1327, 0) is registered to engine metric
2025-01-17T12:55:42.069186Z  INFO LocalManager::submit_root_procedure: common_meta::ddl::create_logical_tables::update_metadata: Created 9 tables [1319, 1320, 1321, 1322, 1323, 1324, 1325, 1326, 1327] metadata for physical table 1119
2025-01-17T12:55:42.069195Z  INFO LocalManager::submit_root_procedure: common_procedure::local::runner: Procedure metasrv-procedure::CreateLogicalTables-6173d718-5cd4-47fe-b96c-1b548f84f9b4 done
2025-01-17T12:55:42.069226Z  INFO LocalManager::submit_root_procedure: common_procedure::local::runner: Runner metasrv-procedure::CreateLogicalTables-6173d718-5cd4-47fe-b96c-1b548f84f9b4 exits
2025-01-17T12:55:42.069239Z  INFO create_logical_tables:DdlManager::submit_ddl_task: common_meta::ddl_manager: 9 logical tables on physical table: 1119 is created via procedure_id ProcedureId(6173d718-5cd4-47fe-b96c-1b548f84f9b4)
2025-01-17T12:55:42.069246Z  INFO create_logical_tables: operator::statement::ddl: Successfully created logical tables: [1319, 1320, 1321, 1322, 1323, 1324, 1325, 1326, 1327]
2025-01-17T12:55:42.069263Z  INFO operator::insert: Successfully created logical tables
2025-01-17T12:56:10.371959Z  INFO log: purged 8 expired log files for queue Append    
2025-01-17T13:00:25.414884Z  INFO mito2::worker::handle_drop: Region data/greptime/public/1114/1114_0000000002/ is dropped
2025-01-17T13:00:25.414969Z  INFO mito2::worker::handle_drop: Region data/greptime/public/1114/1114_0000000004/ is dropped
2025-01-17T13:00:25.415048Z  INFO mito2::worker::handle_drop: Region data/greptime/public/1114/1114_0000000003/ is dropped
2025-01-17T13:00:25.415224Z  INFO mito2::worker::handle_drop: Region data/greptime/public/1114/1114_0000000008/ is dropped
2025-01-17T13:00:25.415811Z  INFO mito2::worker::handle_drop: Region data/greptime/public/1114/1114_0000000000/ is dropped
2025-01-17T13:00:25.415966Z  INFO mito2::worker::handle_drop: Region data/greptime/public/1114/1114_0000000009/ is dropped
2025-01-17T13:00:25.418041Z  INFO mito2::worker::handle_drop: Region data/greptime/public/1114/1114_0000000010/ is dropped
2025-01-17T13:00:25.418670Z  INFO mito2::worker::handle_drop: Region data/greptime/public/1114/1114_0000000005/ is dropped
2025-01-17T13:00:25.420436Z  INFO mito2::worker::handle_drop: Region data/greptime/public/1114/1114_0000000001/ is dropped
2025-01-17T13:00:25.420607Z  INFO mito2::worker::handle_drop: Region data/greptime/public/1114/1114_0000000006/ is dropped
2025-01-17T13:00:25.431351Z  INFO mito2::worker::handle_drop: Region data/greptime/public/1114/1114_0000000007/ is dropped
2025-01-17T13:00:25.442297Z  INFO mito2::worker::handle_drop: Region data/greptime/public/1115/1115_0000000000/ is dropped
2025-01-17T13:00:25.453640Z  INFO mito2::worker::handle_drop: Region data/greptime/public/1116/1116_0000000000/ is dropped
2025-01-17T13:00:25.480637Z  INFO mito2::worker::handle_drop: Region data/greptime/public/1117/1117_0000000000/ is dropped
2025-01-17T13:00:25.498488Z  INFO mito2::worker::handle_drop: Region data/greptime/public/1118/1118_0000000000/ is dropped
2025-01-17T13:05:12.180556Z  INFO mito2::flush: Successfully flush memtables, region: 5643587026949(1314, 5), reason: EngineFull, files: [FileId(73be6fac-2016-4981-8bcc-70f4b82c9248)], cost: 0.118001046s
2025-01-17T13:05:12.180569Z  INFO mito2::flush: Applying RegionEdit { files_to_add: [FileMeta { region_id: 5643587026949(1314, 5), file_id: FileId(73be6fac-2016-4981-8bcc-70f4b82c9248), time_range: (1737061105561379000::Nanosecond, 1737147791062782000::Nanosecond), level: 0, file_size: 999609, available_indexes: [InvertedIndex], index_file_size: 6129, num_rows: 257775, num_row_groups: 3, sequence: Some(257775) }], files_to_remove: [], compaction_time_window: None, flushed_entry_id: Some(586), flushed_sequence: Some(257775) } to region 5643587026949(1314, 5)
2025-01-17T13:05:12.182907Z  INFO mito2::flush: Successfully update manifest version to 1, region: 5643587026949(1314, 5), reason: EngineFull
2025-01-17T13:05:12.184809Z  INFO mito2::worker::handle_flush: Region 5643587026949(1314, 5) flush finished, tries to bump wal to 586
2025-01-17T13:05:12.184830Z  INFO log_store::raft_engine::log_store: Namespace 5643587026949 obsoleted 586 entries, compacted index: 586, span: (None, None)
2025-01-17T13:05:12.184851Z  INFO mito2::compaction::twcs: Compaction window for region 5643587026949(1314, 5) is not present, inferring from files: 604800
2025-01-17T13:05:42.059220Z  INFO operator::insert: Table `greptime.greptime_metrics.greptime_query_merge_scan_regions_sum` does not exist, try creating table
2025-01-17T13:05:42.059386Z  INFO operator::insert: Table `greptime.greptime_metrics.greptime_query_merge_scan_regions_bucket` does not exist, try creating table
2025-01-17T13:05:42.059535Z  INFO operator::insert: Table `greptime.greptime_metrics.greptime_query_merge_scan_regions_count` does not exist, try creating table
2025-01-17T13:05:42.059710Z  INFO LocalManager::submit_root_procedure: common_procedure::local::runner: Runner metasrv-procedure::CreateLogicalTables-c5e2b2eb-94af-4adf-92d7-086ad1674e5b starts
2025-01-17T13:05:42.060514Z  INFO LocalManager::submit_root_procedure:RegionInvoker::handle_region_request:RegionServer::handle_region_request{region_id="5703716569088(1328, 0)"}:handle_request{request_type="Create"}: metric_engine::engine::create: Created new logical region 5703716569088(1328, 0) on physical region 4806068404224(1119, 0)
2025-01-17T13:05:42.060542Z  INFO LocalManager::submit_root_procedure:RegionInvoker::handle_region_request:RegionServer::handle_region_request{region_id="5703716569088(1328, 0)"}:handle_request{request_type="Create"}: datanode::region_server: Region 5703716569088(1328, 0) is registered to engine metric
2025-01-17T13:05:42.061107Z  INFO LocalManager::submit_root_procedure:RegionInvoker::handle_region_request:RegionServer::handle_region_request{region_id="5708011536384(1329, 0)"}:handle_request{request_type="Create"}: metric_engine::engine::create: Created new logical region 5708011536384(1329, 0) on physical region 4806068404224(1119, 0)
2025-01-17T13:05:42.061126Z  INFO LocalManager::submit_root_procedure:RegionInvoker::handle_region_request:RegionServer::handle_region_request{region_id="5708011536384(1329, 0)"}:handle_request{request_type="Create"}: datanode::region_server: Region 5708011536384(1329, 0) is registered to engine metric
2025-01-17T13:05:42.061421Z  INFO LocalManager::submit_root_procedure:RegionInvoker::handle_region_request:RegionServer::handle_region_request{region_id="5712306503680(1330, 0)"}:handle_request{request_type="Create"}: metric_engine::engine::create: Created new logical region 5712306503680(1330, 0) on physical region 4806068404224(1119, 0)
2025-01-17T13:05:42.061438Z  INFO LocalManager::submit_root_procedure:RegionInvoker::handle_region_request:RegionServer::handle_region_request{region_id="5712306503680(1330, 0)"}:handle_request{request_type="Create"}: datanode::region_server: Region 5712306503680(1330, 0) is registered to engine metric
2025-01-17T13:05:42.061633Z  INFO LocalManager::submit_root_procedure: common_meta::ddl::create_logical_tables::update_metadata: Created 3 tables [1328, 1329, 1330] metadata for physical table 1119
2025-01-17T13:05:42.061643Z  INFO LocalManager::submit_root_procedure: common_procedure::local::runner: Procedure metasrv-procedure::CreateLogicalTables-c5e2b2eb-94af-4adf-92d7-086ad1674e5b done
2025-01-17T13:05:42.061659Z  INFO create_logical_tables:DdlManager::submit_ddl_task: common_meta::ddl_manager: 3 logical tables on physical table: 1119 is created via procedure_id ProcedureId(c5e2b2eb-94af-4adf-92d7-086ad1674e5b)
2025-01-17T13:05:42.061669Z  INFO create_logical_tables: operator::statement::ddl: Successfully created logical tables: [1328, 1329, 1330]
2025-01-17T13:05:42.061674Z  INFO LocalManager::submit_root_procedure: common_procedure::local::runner: Runner metasrv-procedure::CreateLogicalTables-c5e2b2eb-94af-4adf-92d7-086ad1674e5b exits
2025-01-17T13:05:42.061681Z  INFO operator::insert: Successfully created logical tables
2025-01-17T13:05:56.106998Z  INFO mito2::flush: Successfully flush memtables, region: 5656471928832(1317, 0), reason: EngineFull, files: [FileId(4be7648c-e9ad-4843-b1dc-8f3ffd05e588)], cost: 0.044877531s
2025-01-17T13:05:56.107009Z  INFO mito2::flush: Applying RegionEdit { files_to_add: [FileMeta { region_id: 5656471928832(1317, 0), file_id: FileId(4be7648c-e9ad-4843-b1dc-8f3ffd05e588), time_range: (1737057600000000000::Nanosecond, 1737147600000000000::Nanosecond), level: 0, file_size: 36981, available_indexes: [InvertedIndex], index_file_size: 8766, num_rows: 2658, num_row_groups: 1, sequence: Some(756050) }], files_to_remove: [], compaction_time_window: None, flushed_entry_id: Some(626), flushed_sequence: Some(756050) } to region 5656471928832(1317, 0)
2025-01-17T13:05:56.110122Z  INFO mito2::flush: Successfully update manifest version to 1, region: 5656471928832(1317, 0), reason: EngineFull
2025-01-17T13:05:56.111977Z  INFO mito2::worker::handle_flush: Region 5656471928832(1317, 0) flush finished, tries to bump wal to 626
2025-01-17T13:05:56.112009Z  INFO log_store::raft_engine::log_store: Namespace 5656471928832 obsoleted 626 entries, compacted index: 626, span: (Some(627), Some(627))
2025-01-17T13:05:56.112022Z  INFO mito2::compaction::twcs: Compaction window for region 5656471928832(1317, 0) is not present, inferring from files: 604800
2025-01-17T13:06:32.083836Z  INFO mito2::flush: Successfully flush memtables, region: 5656471928832(1317, 0), reason: EngineFull, files: [FileId(c8d6e52f-feaa-4b2c-8b7a-e054ecb3ae26)], cost: 0.017442583s
2025-01-17T13:06:32.083853Z  INFO mito2::flush: Applying RegionEdit { files_to_add: [FileMeta { region_id: 5656471928832(1317, 0), file_id: FileId(c8d6e52f-feaa-4b2c-8b7a-e054ecb3ae26), time_range: (1737061200000000000::Nanosecond, 1737147600000000000::Nanosecond), level: 0, file_size: 23022, available_indexes: [InvertedIndex], index_file_size: 6113, num_rows: 1240, num_row_groups: 1, sequence: Some(800114) }], files_to_remove: [], compaction_time_window: None, flushed_entry_id: Some(662), flushed_sequence: Some(800114) } to region 5656471928832(1317, 0)
2025-01-17T13:06:32.086693Z  INFO mito2::flush: Successfully update manifest version to 2, region: 5656471928832(1317, 0), reason: EngineFull
2025-01-17T13:06:32.087518Z  INFO mito2::worker::handle_flush: Region 5656471928832(1317, 0) flush finished, tries to bump wal to 662
2025-01-17T13:06:32.087548Z  INFO log_store::raft_engine::log_store: Namespace 5656471928832 obsoleted 36 entries, compacted index: 662, span: (Some(663), Some(663))
2025-01-17T13:06:32.087562Z  INFO mito2::compaction::twcs: Compaction window for region 5656471928832(1317, 0) is not present, inferring from files: 604800
2025-01-17T13:06:34.081386Z  INFO mito2::flush: Successfully flush memtables, region: 5656471928832(1317, 0), reason: EngineFull, files: [FileId(6b88c4ae-4fc6-4e74-a3e9-568ca1152290)], cost: 0.014877283s
2025-01-17T13:06:34.081397Z  INFO mito2::flush: Applying RegionEdit { files_to_add: [FileMeta { region_id: 5656471928832(1317, 0), file_id: FileId(6b88c4ae-4fc6-4e74-a3e9-568ca1152290), time_range: (1737061200000000000::Nanosecond, 1737147600000000000::Nanosecond), level: 0, file_size: 22891, available_indexes: [InvertedIndex], index_file_size: 6113, num_rows: 1224, num_row_groups: 1, sequence: Some(802562) }], files_to_remove: [], compaction_time_window: None, flushed_entry_id: Some(664), flushed_sequence: Some(802562) } to region 5656471928832(1317, 0)
2025-01-17T13:06:34.086470Z  INFO mito2::flush: Successfully update manifest version to 3, region: 5656471928832(1317, 0), reason: EngineFull
2025-01-17T13:06:34.087254Z  INFO mito2::worker::handle_flush: Region 5656471928832(1317, 0) flush finished, tries to bump wal to 664
2025-01-17T13:06:34.087281Z  INFO log_store::raft_engine::log_store: Namespace 5656471928832 obsoleted 2 entries, compacted index: 664, span: (Some(665), Some(665))
2025-01-17T13:06:34.087296Z  INFO mito2::compaction::twcs: Compaction window for region 5656471928832(1317, 0) is not present, inferring from files: 604800
2025-01-17T13:06:34.130182Z  INFO mito2::flush: Successfully flush memtables, region: 5652176961536(1316, 0), reason: EngineFull, files: [FileId(58e072d8-ebb8-481f-8707-4ae8156de0d3)], cost: 0.043664035s
2025-01-17T13:06:34.130192Z  INFO mito2::flush: Applying RegionEdit { files_to_add: [FileMeta { region_id: 5652176961536(1316, 0), file_id: FileId(58e072d8-ebb8-481f-8707-4ae8156de0d3), time_range: (1737057600000000000::Nanosecond, 1737147600000000000::Nanosecond), level: 0, file_size: 62928, available_indexes: [InvertedIndex], index_file_size: 8760, num_rows: 2675, num_row_groups: 1, sequence: Some(792674) }], files_to_remove: [], compaction_time_window: None, flushed_entry_id: Some(657), flushed_sequence: Some(792674) } to region 5652176961536(1316, 0)
2025-01-17T13:06:34.132882Z  INFO mito2::flush: Successfully update manifest version to 1, region: 5652176961536(1316, 0), reason: EngineFull
2025-01-17T13:06:34.134999Z  INFO mito2::worker::handle_flush: Region 5652176961536(1316, 0) flush finished, tries to bump wal to 657
2025-01-17T13:06:34.135018Z  INFO log_store::raft_engine::log_store: Namespace 5652176961536 obsoleted 657 entries, compacted index: 657, span: (None, None)
2025-01-17T13:06:34.135029Z  INFO mito2::compaction::twcs: Compaction window for region 5652176961536(1316, 0) is not present, inferring from files: 604800
2025-01-17T13:07:33.083505Z  INFO mito2::flush: Successfully flush memtables, region: 5656471928832(1317, 0), reason: EngineFull, files: [FileId(3d96c15b-3a0c-4306-9cec-86d08284c226)], cost: 0.017378075s
2025-01-17T13:07:33.083517Z  INFO mito2::flush: Applying RegionEdit { files_to_add: [FileMeta { region_id: 5656471928832(1317, 0), file_id: FileId(3d96c15b-3a0c-4306-9cec-86d08284c226), time_range: (1737061200000000000::Nanosecond, 1737147600000000000::Nanosecond), level: 0, file_size: 23054, available_indexes: [InvertedIndex], index_file_size: 6112, num_rows: 1243, num_row_groups: 1, sequence: Some(874778) }], files_to_remove: [], compaction_time_window: None, flushed_entry_id: Some(723), flushed_sequence: Some(874778) } to region 5656471928832(1317, 0)
2025-01-17T13:07:33.085920Z  INFO mito2::flush: Successfully update manifest version to 4, region: 5656471928832(1317, 0), reason: EngineFull
2025-01-17T13:07:33.088121Z  INFO mito2::worker::handle_flush: Region 5656471928832(1317, 0) flush finished, tries to bump wal to 723
2025-01-17T13:07:33.088143Z  INFO log_store::raft_engine::log_store: Namespace 5656471928832 obsoleted 59 entries, compacted index: 723, span: (Some(724), Some(724))
2025-01-17T13:07:33.088154Z  INFO mito2::compaction::twcs: Compaction window for region 5656471928832(1317, 0) is not present, inferring from files: 604800
2025-01-17T13:07:37.085404Z  INFO mito2::flush: Successfully flush memtables, region: 5656471928832(1317, 0), reason: EngineFull, files: [FileId(f1b96dd2-49a5-486e-8ae3-91b2d76f874e)], cost: 0.01947627s
2025-01-17T13:07:37.085421Z  INFO mito2::flush: Applying RegionEdit { files_to_add: [FileMeta { region_id: 5656471928832(1317, 0), file_id: FileId(f1b96dd2-49a5-486e-8ae3-91b2d76f874e), time_range: (1737061200000000000::Nanosecond, 1737147600000000000::Nanosecond), level: 0, file_size: 22933, available_indexes: [InvertedIndex], index_file_size: 6113, num_rows: 1224, num_row_groups: 1, sequence: Some(879674) }], files_to_remove: [], compaction_time_window: None, flushed_entry_id: Some(727), flushed_sequence: Some(879674) } to region 5656471928832(1317, 0)
2025-01-17T13:07:37.087578Z  INFO mito2::flush: Successfully flush memtables, region: 5652176961536(1316, 0), reason: EngineFull, files: [FileId(7ed002d0-fb5f-4dda-86bd-d24ac94806e0)], cost: 0.018539955s
2025-01-17T13:07:37.087587Z  INFO mito2::flush: Applying RegionEdit { files_to_add: [FileMeta { region_id: 5652176961536(1316, 0), file_id: FileId(7ed002d0-fb5f-4dda-86bd-d24ac94806e0), time_range: (1737061200000000000::Nanosecond, 1737147600000000000::Nanosecond), level: 0, file_size: 44228, available_indexes: [InvertedIndex], index_file_size: 6010, num_rows: 1240, num_row_groups: 1, sequence: Some(868438) }], files_to_remove: [], compaction_time_window: None, flushed_entry_id: Some(719), flushed_sequence: Some(868438) } to region 5652176961536(1316, 0)
2025-01-17T13:07:37.090108Z  INFO mito2::flush: Successfully update manifest version to 5, region: 5656471928832(1317, 0), reason: EngineFull
2025-01-17T13:07:37.090607Z  INFO mito2::worker::handle_flush: Region 5656471928832(1317, 0) flush finished, tries to bump wal to 727
2025-01-17T13:07:37.090629Z  INFO log_store::raft_engine::log_store: Namespace 5656471928832 obsoleted 4 entries, compacted index: 727, span: (Some(728), Some(728))
2025-01-17T13:07:37.090640Z  INFO mito2::compaction::twcs: Compaction window for region 5656471928832(1317, 0) is not present, inferring from files: 604800
2025-01-17T13:07:37.090652Z  INFO mito2::compaction::twcs: Building compaction output, active window: Some(1737590400), current window: 1737590400, max runs: 4, found runs: 5, output size: 1, max output size: None, remove deletion markers: false
2025-01-17T13:07:37.090675Z  INFO mito2::compaction::compactor: Compaction region 5656471928832(1317, 0) output [6b88c4ae-4fc6-4e74-a3e9-568ca1152290,f1b96dd2-49a5-486e-8ae3-91b2d76f874e]-> cf595c79-ed5d-47d4-b388-da646acf1f8a
2025-01-17T13:07:37.092254Z  INFO mito2::flush: Successfully update manifest version to 2, region: 5652176961536(1316, 0), reason: EngineFull
2025-01-17T13:07:37.093421Z  INFO mito2::worker::handle_flush: Region 5652176961536(1316, 0) flush finished, tries to bump wal to 719
2025-01-17T13:07:37.093449Z  INFO log_store::raft_engine::log_store: Namespace 5652176961536 obsoleted 62 entries, compacted index: 719, span: (Some(720), Some(720))
2025-01-17T13:07:37.093461Z  INFO mito2::compaction::twcs: Compaction window for region 5652176961536(1316, 0) is not present, inferring from files: 604800
2025-01-17T13:07:37.108023Z  INFO mito2::compaction::task: Compacted SST files, region_id: 5656471928832(1317, 0), input: [FileMeta { region_id: 5656471928832(1317, 0), file_id: FileId(6b88c4ae-4fc6-4e74-a3e9-568ca1152290), time_range: (1737061200000000000::Nanosecond, 1737147600000000000::Nanosecond), level: 0, file_size: 22891, available_indexes: [InvertedIndex], index_file_size: 6113, num_rows: 1224, num_row_groups: 1, sequence: Some(802562) }, FileMeta { region_id: 5656471928832(1317, 0), file_id: FileId(f1b96dd2-49a5-486e-8ae3-91b2d76f874e), time_range: (1737061200000000000::Nanosecond, 1737147600000000000::Nanosecond), level: 0, file_size: 22933, available_indexes: [InvertedIndex], index_file_size: 6113, num_rows: 1224, num_row_groups: 1, sequence: Some(879674) }], output: [FileMeta { region_id: 5656471928832(1317, 0), file_id: FileId(cf595c79-ed5d-47d4-b388-da646acf1f8a), time_range: (1737061200000000000::Nanosecond, 1737147600000000000::Nanosecond), level: 1, file_size: 23056, available_indexes: [InvertedIndex], index_file_size: 6113, num_rows: 1243, num_row_groups: 1, sequence: Some(879674) }], window: Some(604800), waiter_num: 0, merge_time: 0.017348355s
2025-01-17T13:07:37.111894Z  INFO mito2::request: Successfully compacted region: 5656471928832(1317, 0)
2025-01-17T13:07:37.112151Z  INFO mito2::sst::file_purger: Successfully deleted SST file, file_id: 6b88c4ae-4fc6-4e74-a3e9-568ca1152290, region: 5656471928832(1317, 0)
2025-01-17T13:07:37.112209Z  INFO mito2::sst::file_purger: Successfully deleted SST file, file_id: f1b96dd2-49a5-486e-8ae3-91b2d76f874e, region: 5656471928832(1317, 0)
2025-01-17T13:07:42.110840Z  INFO mito2::flush: Successfully flush memtables, region: 5643587026949(1314, 5), reason: EngineFull, files: [FileId(cbefdb0c-5489-49ad-9f79-4de6d22f6e11)], cost: 0.038508048s
2025-01-17T13:07:42.110857Z  INFO mito2::flush: Applying RegionEdit { files_to_add: [FileMeta { region_id: 5643587026949(1314, 5), file_id: FileId(cbefdb0c-5489-49ad-9f79-4de6d22f6e11), time_range: (1737061932045545000::Nanosecond, 1737147941186710000::Nanosecond), level: 0, file_size: 332926, available_indexes: [InvertedIndex], index_file_size: 2141, num_rows: 66000, num_row_groups: 1, sequence: Some(323775) }], files_to_remove: [], compaction_time_window: None, flushed_entry_id: Some(736), flushed_sequence: Some(323775) } to region 5643587026949(1314, 5)
2025-01-17T13:07:42.113638Z  INFO mito2::flush: Successfully update manifest version to 2, region: 5643587026949(1314, 5), reason: EngineFull
2025-01-17T13:07:42.114637Z  INFO mito2::worker::handle_flush: Region 5643587026949(1314, 5) flush finished, tries to bump wal to 736
2025-01-17T13:07:42.114661Z  INFO log_store::raft_engine::log_store: Namespace 5643587026949 obsoleted 150 entries, compacted index: 736, span: (None, None)
2025-01-17T13:07:42.114676Z  INFO mito2::compaction::twcs: Compaction window for region 5643587026949(1314, 5) is not present, inferring from files: 604800
2025-01-17T13:07:54.082564Z  INFO mito2::flush: Successfully flush memtables, region: 5656471928832(1317, 0), reason: EngineFull, files: [FileId(00a95cea-0313-4188-9f3b-c3afd5f7e05a)], cost: 0.016147691s
2025-01-17T13:07:54.082575Z  INFO mito2::flush: Applying RegionEdit { files_to_add: [FileMeta { region_id: 5656471928832(1317, 0), file_id: FileId(00a95cea-0313-4188-9f3b-c3afd5f7e05a), time_range: (1737061200000000000::Nanosecond, 1737147600000000000::Nanosecond), level: 0, file_size: 22933, available_indexes: [InvertedIndex], index_file_size: 6112, num_rows: 1224, num_row_groups: 1, sequence: Some(900482) }], files_to_remove: [], compaction_time_window: None, flushed_entry_id: Some(744), flushed_sequence: Some(900482) } to region 5656471928832(1317, 0)
2025-01-17T13:07:54.085178Z  INFO mito2::flush: Successfully update manifest version to 7, region: 5656471928832(1317, 0), reason: EngineFull
2025-01-17T13:07:54.086450Z  INFO mito2::worker::handle_flush: Region 5656471928832(1317, 0) flush finished, tries to bump wal to 744
2025-01-17T13:07:54.086466Z  INFO log_store::raft_engine::log_store: Namespace 5656471928832 obsoleted 17 entries, compacted index: 744, span: (Some(745), Some(745))
2025-01-17T13:07:54.086500Z  INFO mito2::compaction::twcs: Building compaction output, active window: Some(1737590400), current window: 1737590400, max runs: 4, found runs: 5, output size: 1, max output size: None, remove deletion markers: false
2025-01-17T13:07:54.086515Z  INFO mito2::compaction::compactor: Compaction region 5656471928832(1317, 0) output [c8d6e52f-feaa-4b2c-8b7a-e054ecb3ae26,00a95cea-0313-4188-9f3b-c3afd5f7e05a]-> 1708a2d0-adb9-4bd4-b87d-88d901ab2335
2025-01-17T13:07:54.101648Z  INFO mito2::compaction::task: Compacted SST files, region_id: 5656471928832(1317, 0), input: [FileMeta { region_id: 5656471928832(1317, 0), file_id: FileId(c8d6e52f-feaa-4b2c-8b7a-e054ecb3ae26), time_range: (1737061200000000000::Nanosecond, 1737147600000000000::Nanosecond), level: 0, file_size: 23022, available_indexes: [InvertedIndex], index_file_size: 6113, num_rows: 1240, num_row_groups: 1, sequence: Some(800114) }, FileMeta { region_id: 5656471928832(1317, 0), file_id: FileId(00a95cea-0313-4188-9f3b-c3afd5f7e05a), time_range: (1737061200000000000::Nanosecond, 1737147600000000000::Nanosecond), level: 0, file_size: 22933, available_indexes: [InvertedIndex], index_file_size: 6112, num_rows: 1224, num_row_groups: 1, sequence: Some(900482) }], output: [FileMeta { region_id: 5656471928832(1317, 0), file_id: FileId(1708a2d0-adb9-4bd4-b87d-88d901ab2335), time_range: (1737061200000000000::Nanosecond, 1737147600000000000::Nanosecond), level: 1, file_size: 23289, available_indexes: [InvertedIndex], index_file_size: 6112, num_rows: 1259, num_row_groups: 1, sequence: Some(900482) }], window: Some(604800), waiter_num: 0, merge_time: 0.015133468s
2025-01-17T13:07:54.104867Z  INFO mito2::request: Successfully compacted region: 5656471928832(1317, 0)
2025-01-17T13:07:54.105016Z  INFO mito2::sst::file_purger: Successfully deleted SST file, file_id: 00a95cea-0313-4188-9f3b-c3afd5f7e05a, region: 5656471928832(1317, 0)
2025-01-17T13:07:54.105110Z  INFO mito2::sst::file_purger: Successfully deleted SST file, file_id: c8d6e52f-feaa-4b2c-8b7a-e054ecb3ae26, region: 5656471928832(1317, 0)
2025-01-17T13:07:55.079096Z  INFO mito2::flush: Successfully flush memtables, region: 5647881994240(1315, 0), reason: EngineFull, files: [FileId(7872441a-5dcd-4158-b7ab-0e91087804c4)], cost: 0.011966016s
2025-01-17T13:07:55.079111Z  INFO mito2::flush: Applying RegionEdit { files_to_add: [FileMeta { region_id: 5647881994240(1315, 0), file_id: FileId(7872441a-5dcd-4158-b7ab-0e91087804c4), time_range: (1737068400000000000::Nanosecond, 1737068400000000000::Nanosecond), level: 0, file_size: 9836, available_indexes: [InvertedIndex], index_file_size: 2990, num_rows: 227, num_row_groups: 1, sequence: Some(73239) }], files_to_remove: [], compaction_time_window: None, flushed_entry_id: Some(731), flushed_sequence: Some(73239) } to region 5647881994240(1315, 0)
2025-01-17T13:07:55.082220Z  INFO mito2::flush: Successfully update manifest version to 1, region: 5647881994240(1315, 0), reason: EngineFull
2025-01-17T13:07:55.084576Z  INFO mito2::flush: Successfully flush memtables, region: 5656471928832(1317, 0), reason: EngineFull, files: [FileId(82b66a86-d0b8-49d3-9751-8070adca05a2)], cost: 0.017664631s
2025-01-17T13:07:55.084585Z  INFO mito2::flush: Applying RegionEdit { files_to_add: [FileMeta { region_id: 5656471928832(1317, 0), file_id: FileId(82b66a86-d0b8-49d3-9751-8070adca05a2), time_range: (1737061200000000000::Nanosecond, 1737147600000000000::Nanosecond), level: 0, file_size: 22933, available_indexes: [InvertedIndex], index_file_size: 6112, num_rows: 1224, num_row_groups: 1, sequence: Some(901706) }], files_to_remove: [], compaction_time_window: None, flushed_entry_id: Some(745), flushed_sequence: Some(901706) } to region 5656471928832(1317, 0)
2025-01-17T13:07:55.087104Z  INFO mito2::flush: Successfully update manifest version to 9, region: 5656471928832(1317, 0), reason: EngineFull
2025-01-17T13:07:55.087665Z  INFO mito2::worker::handle_flush: Region 5656471928832(1317, 0) flush finished, tries to bump wal to 745
2025-01-17T13:07:55.087688Z  INFO log_store::raft_engine::log_store: Namespace 5656471928832 obsoleted 1 entries, compacted index: 745, span: (Some(746), Some(746))
2025-01-17T13:07:55.087716Z  INFO mito2::compaction::twcs: Building compaction output, active window: Some(1737590400), current window: 1737590400, max runs: 4, found runs: 5, output size: 1, max output size: None, remove deletion markers: false
2025-01-17T13:07:55.087734Z  INFO mito2::compaction::compactor: Compaction region 5656471928832(1317, 0) output [82b66a86-d0b8-49d3-9751-8070adca05a2,3d96c15b-3a0c-4306-9cec-86d08284c226]-> 5782f91a-8577-4717-a13e-0f563cff3609
2025-01-17T13:07:55.091322Z  INFO mito2::worker::handle_flush: Region 5647881994240(1315, 0) flush finished, tries to bump wal to 731
2025-01-17T13:07:55.091349Z  INFO log_store::raft_engine::log_store: Namespace 5647881994240 obsoleted 731 entries, compacted index: 731, span: (Some(732), Some(732))
2025-01-17T13:07:55.091362Z  INFO mito2::compaction::twcs: Compaction window for region 5647881994240(1315, 0) is not present, inferring from files: 3600
2025-01-17T13:07:55.102588Z  INFO mito2::compaction::task: Compacted SST files, region_id: 5656471928832(1317, 0), input: [FileMeta { region_id: 5656471928832(1317, 0), file_id: FileId(82b66a86-d0b8-49d3-9751-8070adca05a2), time_range: (1737061200000000000::Nanosecond, 1737147600000000000::Nanosecond), level: 0, file_size: 22933, available_indexes: [InvertedIndex], index_file_size: 6112, num_rows: 1224, num_row_groups: 1, sequence: Some(901706) }, FileMeta { region_id: 5656471928832(1317, 0), file_id: FileId(3d96c15b-3a0c-4306-9cec-86d08284c226), time_range: (1737061200000000000::Nanosecond, 1737147600000000000::Nanosecond), level: 0, file_size: 23054, available_indexes: [InvertedIndex], index_file_size: 6112, num_rows: 1243, num_row_groups: 1, sequence: Some(874778) }], output: [FileMeta { region_id: 5656471928832(1317, 0), file_id: FileId(5782f91a-8577-4717-a13e-0f563cff3609), time_range: (1737061200000000000::Nanosecond, 1737147600000000000::Nanosecond), level: 1, file_size: 23056, available_indexes: [InvertedIndex], index_file_size: 6112, num_rows: 1243, num_row_groups: 1, sequence: Some(901706) }], window: Some(604800), waiter_num: 0, merge_time: 0.014856297s
2025-01-17T13:07:55.105090Z  INFO mito2::manifest::checkpointer: Start doing checkpoint for region 5656471928832(1317, 0), compacted version: [0, 10]
2025-01-17T13:07:55.105122Z  INFO mito2::request: Successfully compacted region: 5656471928832(1317, 0)
2025-01-17T13:07:55.105267Z  INFO mito2::sst::file_purger: Successfully deleted SST file, file_id: 82b66a86-d0b8-49d3-9751-8070adca05a2, region: 5656471928832(1317, 0)
2025-01-17T13:07:55.105331Z  INFO mito2::sst::file_purger: Successfully deleted SST file, file_id: 3d96c15b-3a0c-4306-9cec-86d08284c226, region: 5656471928832(1317, 0)
2025-01-17T13:07:55.111158Z  INFO mito2::manifest::checkpointer: Checkpoint for region 5656471928832(1317, 0) success, version: 10
2025-01-17T13:08:01.078890Z  INFO mito2::flush: Successfully flush memtables, region: 4806085181440(1119, 16777216), reason: EngineFull, files: [FileId(f4567775-2fac-4a27-8c20-48126a5f5f8c)], cost: 0.00961572s
2025-01-17T13:08:01.078902Z  INFO mito2::flush: Applying RegionEdit { files_to_add: [FileMeta { region_id: 4806085181440(1119, 16777216), file_id: FileId(f4567775-2fac-4a27-8c20-48126a5f5f8c), time_range: (0::Millisecond, 0::Millisecond), level: 0, file_size: 4331, available_indexes: [InvertedIndex], index_file_size: 843, num_rows: 43, num_row_groups: 1, sequence: Some(805) }], files_to_remove: [], compaction_time_window: None, flushed_entry_id: Some(805), flushed_sequence: Some(805) } to region 4806085181440(1119, 16777216)
2025-01-17T13:08:01.081033Z  INFO mito2::flush: Successfully flush memtables, region: 5647881994240(1315, 0), reason: EngineFull, files: [FileId(c2b216f6-bfec-43a5-827f-e38de52a02a2)], cost: 0.013512089s
2025-01-17T13:08:01.081045Z  INFO mito2::flush: Applying RegionEdit { files_to_add: [FileMeta { region_id: 5647881994240(1315, 0), file_id: FileId(c2b216f6-bfec-43a5-827f-e38de52a02a2), time_range: (1737068400000000000::Nanosecond, 1737068400000000000::Nanosecond), level: 0, file_size: 8655, available_indexes: [InvertedIndex], index_file_size: 2142, num_rows: 100, num_row_groups: 1, sequence: Some(73839) }], files_to_remove: [], compaction_time_window: None, flushed_entry_id: Some(737), flushed_sequence: Some(73839) } to region 5647881994240(1315, 0)
2025-01-17T13:08:01.083156Z  INFO mito2::flush: Successfully update manifest version to 5, region: 4806085181440(1119, 16777216), reason: EngineFull
2025-01-17T13:08:01.083211Z  INFO mito2::worker::handle_flush: Region 4806085181440(1119, 16777216) flush finished, tries to bump wal to 805
2025-01-17T13:08:01.083228Z  INFO log_store::raft_engine::log_store: Namespace 4806085181440 obsoleted 43 entries, compacted index: 805, span: (None, None)
2025-01-17T13:08:01.083240Z  INFO mito2::compaction::twcs: Compaction window for region 4806085181440(1119, 16777216) is not present, inferring from files: 3600
2025-01-17T13:08:01.083254Z  INFO mito2::compaction::twcs: Building compaction output, active window: Some(0), current window: 0, max runs: 4, found runs: 5, output size: 1, max output size: None, remove deletion markers: false
2025-01-17T13:08:01.083269Z  INFO mito2::compaction::compactor: Compaction region 4806085181440(1119, 16777216) output [f519d99f-1e17-411a-948d-1e07a54562b8,74ae7a4a-5912-492a-8501-3da1d32da768]-> 5e8131a4-705d-4fab-afce-42555e9ff105
2025-01-17T13:08:01.085641Z  INFO mito2::flush: Successfully update manifest version to 2, region: 5647881994240(1315, 0), reason: EngineFull
2025-01-17T13:08:01.085694Z  INFO mito2::flush: Successfully flush memtables, region: 5656471928832(1317, 0), reason: EngineFull, files: [FileId(7e44387d-587c-4b0f-8810-7794af60b23e)], cost: 0.018376799s
2025-01-17T13:08:01.085706Z  INFO mito2::flush: Applying RegionEdit { files_to_add: [FileMeta { region_id: 5656471928832(1317, 0), file_id: FileId(7e44387d-587c-4b0f-8810-7794af60b23e), time_range: (1737061200000000000::Nanosecond, 1737147600000000000::Nanosecond), level: 0, file_size: 22933, available_indexes: [InvertedIndex], index_file_size: 6112, num_rows: 1224, num_row_groups: 1, sequence: Some(909050) }], files_to_remove: [], compaction_time_window: None, flushed_entry_id: Some(751), flushed_sequence: Some(909050) } to region 5656471928832(1317, 0)
2025-01-17T13:08:01.085747Z  INFO mito2::worker::handle_flush: Region 5647881994240(1315, 0) flush finished, tries to bump wal to 737
2025-01-17T13:08:01.085761Z  INFO log_store::raft_engine::log_store: Namespace 5647881994240 obsoleted 6 entries, compacted index: 737, span: (Some(738), Some(739))
2025-01-17T13:08:01.085769Z  INFO mito2::compaction::twcs: Compaction window for region 5647881994240(1315, 0) is not present, inferring from files: 3600
2025-01-17T13:08:01.091409Z  INFO mito2::flush: Successfully update manifest version to 11, region: 5656471928832(1317, 0), reason: EngineFull
2025-01-17T13:08:01.091426Z  INFO mito2::flush: Successfully flush memtables, region: 5652176961536(1316, 0), reason: EngineFull, files: [FileId(327d9a9e-02bd-4ec8-9559-f867ff04ee83)], cost: 0.020141776s
2025-01-17T13:08:01.091430Z  INFO mito2::flush: Applying RegionEdit { files_to_add: [FileMeta { region_id: 5652176961536(1316, 0), file_id: FileId(327d9a9e-02bd-4ec8-9559-f867ff04ee83), time_range: (1737061200000000000::Nanosecond, 1737147600000000000::Nanosecond), level: 0, file_size: 44091, available_indexes: [InvertedIndex], index_file_size: 6011, num_rows: 1222, num_row_groups: 1, sequence: Some(897766) }], files_to_remove: [], compaction_time_window: None, flushed_entry_id: Some(743), flushed_sequence: Some(897766) } to region 5652176961536(1316, 0)
2025-01-17T13:08:01.091886Z  INFO mito2::worker::handle_flush: Region 5656471928832(1317, 0) flush finished, tries to bump wal to 751
2025-01-17T13:08:01.091902Z  INFO log_store::raft_engine::log_store: Namespace 5656471928832 obsoleted 6 entries, compacted index: 751, span: (Some(752), Some(752))
2025-01-17T13:08:01.091922Z  INFO mito2::compaction::twcs: Building compaction output, active window: Some(1737590400), current window: 1737590400, max runs: 4, found runs: 5, output size: 1, max output size: None, remove deletion markers: false
2025-01-17T13:08:01.091935Z  INFO mito2::compaction::compactor: Compaction region 5656471928832(1317, 0) output [7e44387d-587c-4b0f-8810-7794af60b23e,cf595c79-ed5d-47d4-b388-da646acf1f8a]-> a8268328-03c6-46db-84bc-ecf7c941142f
2025-01-17T13:08:01.093757Z  INFO mito2::compaction::task: Compacted SST files, region_id: 4806085181440(1119, 16777216), input: [FileMeta { region_id: 4806085181440(1119, 16777216), file_id: FileId(f519d99f-1e17-411a-948d-1e07a54562b8), time_range: (0::Millisecond, 0::Millisecond), level: 0, file_size: 4101, available_indexes: [InvertedIndex], index_file_size: 463, num_rows: 9, num_row_groups: 1, sequence: Some(762) }, FileMeta { region_id: 4806085181440(1119, 16777216), file_id: FileId(74ae7a4a-5912-492a-8501-3da1d32da768), time_range: (0::Millisecond, 0::Millisecond), level: 0, file_size: 3022, available_indexes: [InvertedIndex], index_file_size: 286, num_rows: 1, num_row_groups: 1, sequence: Some(753) }], output: [FileMeta { region_id: 4806085181440(1119, 16777216), file_id: FileId(5e8131a4-705d-4fab-afce-42555e9ff105), time_range: (0::Millisecond, 0::Millisecond), level: 1, file_size: 4108, available_indexes: [InvertedIndex], index_file_size: 483, num_rows: 10, num_row_groups: 1, sequence: Some(762) }], window: Some(3600), waiter_num: 0, merge_time: 0.010487303s
2025-01-17T13:08:01.095913Z  INFO mito2::flush: Successfully update manifest version to 3, region: 5652176961536(1316, 0), reason: EngineFull
2025-01-17T13:08:01.097092Z  INFO mito2::worker::handle_flush: Region 5652176961536(1316, 0) flush finished, tries to bump wal to 743
2025-01-17T13:08:01.097119Z  INFO log_store::raft_engine::log_store: Namespace 5652176961536 obsoleted 24 entries, compacted index: 743, span: (Some(744), Some(744))
2025-01-17T13:08:01.097131Z  INFO mito2::compaction::twcs: Compaction window for region 5652176961536(1316, 0) is not present, inferring from files: 604800
2025-01-17T13:08:01.098140Z  INFO mito2::request: Successfully compacted region: 4806085181440(1119, 16777216)
2025-01-17T13:08:01.098318Z  INFO mito2::sst::file_purger: Successfully deleted SST file, file_id: 74ae7a4a-5912-492a-8501-3da1d32da768, region: 4806085181440(1119, 16777216)
2025-01-17T13:08:01.098329Z  INFO mito2::sst::file_purger: Successfully deleted SST file, file_id: f519d99f-1e17-411a-948d-1e07a54562b8, region: 4806085181440(1119, 16777216)
2025-01-17T13:08:01.115801Z  INFO mito2::compaction::task: Compacted SST files, region_id: 5656471928832(1317, 0), input: [FileMeta { region_id: 5656471928832(1317, 0), file_id: FileId(7e44387d-587c-4b0f-8810-7794af60b23e), time_range: (1737061200000000000::Nanosecond, 1737147600000000000::Nanosecond), level: 0, file_size: 22933, available_indexes: [InvertedIndex], index_file_size: 6112, num_rows: 1224, num_row_groups: 1, sequence: Some(909050) }, FileMeta { region_id: 5656471928832(1317, 0), file_id: FileId(cf595c79-ed5d-47d4-b388-da646acf1f8a), time_range: (1737061200000000000::Nanosecond, 1737147600000000000::Nanosecond), level: 1, file_size: 23056, available_indexes: [InvertedIndex], index_file_size: 6113, num_rows: 1243, num_row_groups: 1, sequence: Some(879674) }], output: [FileMeta { region_id: 5656471928832(1317, 0), file_id: FileId(a8268328-03c6-46db-84bc-ecf7c941142f), time_range: (1737061200000000000::Nanosecond, 1737147600000000000::Nanosecond), level: 1, file_size: 23056, available_indexes: [InvertedIndex], index_file_size: 6112, num_rows: 1243, num_row_groups: 1, sequence: Some(909050) }], window: Some(604800), waiter_num: 0, merge_time: 0.023866333s
2025-01-17T13:08:01.118965Z  INFO mito2::request: Successfully compacted region: 5656471928832(1317, 0)
2025-01-17T13:08:01.119169Z  INFO mito2::sst::file_purger: Successfully deleted SST file, file_id: 7e44387d-587c-4b0f-8810-7794af60b23e, region: 5656471928832(1317, 0)
2025-01-17T13:08:01.119210Z  INFO mito2::sst::file_purger: Successfully deleted SST file, file_id: cf595c79-ed5d-47d4-b388-da646acf1f8a, region: 5656471928832(1317, 0)
2025-01-17T13:08:03.082974Z  INFO mito2::flush: Successfully flush memtables, region: 5656471928832(1317, 0), reason: EngineFull, files: [FileId(eadb3162-d47e-4eb8-94ae-15d96832d87b)], cost: 0.017616498s
2025-01-17T13:08:03.082986Z  INFO mito2::flush: Applying RegionEdit { files_to_add: [FileMeta { region_id: 5656471928832(1317, 0), file_id: FileId(eadb3162-d47e-4eb8-94ae-15d96832d87b), time_range: (1737061200000000000::Nanosecond, 1737147600000000000::Nanosecond), level: 0, file_size: 22976, available_indexes: [InvertedIndex], index_file_size: 6113, num_rows: 1237, num_row_groups: 1, sequence: Some(911498) }], files_to_remove: [], compaction_time_window: None, flushed_entry_id: Some(753), flushed_sequence: Some(911498) } to region 5656471928832(1317, 0)
2025-01-17T13:08:03.086474Z  INFO mito2::flush: Successfully update manifest version to 13, region: 5656471928832(1317, 0), reason: EngineFull
2025-01-17T13:08:03.087290Z  INFO mito2::worker::handle_flush: Region 5656471928832(1317, 0) flush finished, tries to bump wal to 753
2025-01-17T13:08:03.087318Z  INFO log_store::raft_engine::log_store: Namespace 5656471928832 obsoleted 2 entries, compacted index: 753, span: (Some(754), Some(754))
2025-01-17T13:08:03.087346Z  INFO mito2::compaction::twcs: Building compaction output, active window: Some(1737590400), current window: 1737590400, max runs: 4, found runs: 5, output size: 1, max output size: None, remove deletion markers: false
2025-01-17T13:08:03.087366Z  INFO mito2::compaction::compactor: Compaction region 5656471928832(1317, 0) output [eadb3162-d47e-4eb8-94ae-15d96832d87b,5782f91a-8577-4717-a13e-0f563cff3609]-> b908ccd2-88f0-4e99-b736-356392c8c535
2025-01-17T13:08:03.096814Z  INFO mito2::flush: Successfully flush memtables, region: 5647881994240(1315, 0), reason: EngineFull, files: [FileId(c4f0902d-7a43-425f-81bb-b90bc51e6934)], cost: 0.010291284s
2025-01-17T13:08:03.096825Z  INFO mito2::flush: Applying RegionEdit { files_to_add: [FileMeta { region_id: 5647881994240(1315, 0), file_id: FileId(c4f0902d-7a43-425f-81bb-b90bc51e6934), time_range: (1737068400000000000::Nanosecond, 1737068400000000000::Nanosecond), level: 0, file_size: 8685, available_indexes: [InvertedIndex], index_file_size: 2166, num_rows: 102, num_row_groups: 1, sequence: Some(74141) }], files_to_remove: [], compaction_time_window: None, flushed_entry_id: Some(740), flushed_sequence: Some(74141) } to region 5647881994240(1315, 0)
2025-01-17T13:08:03.099648Z  INFO mito2::flush: Successfully update manifest version to 3, region: 5647881994240(1315, 0), reason: EngineFull
2025-01-17T13:08:03.099744Z  INFO mito2::worker::handle_flush: Region 5647881994240(1315, 0) flush finished, tries to bump wal to 740
2025-01-17T13:08:03.099759Z  INFO log_store::raft_engine::log_store: Namespace 5647881994240 obsoleted 3 entries, compacted index: 740, span: (None, None)
2025-01-17T13:08:03.099768Z  INFO mito2::compaction::twcs: Compaction window for region 5647881994240(1315, 0) is not present, inferring from files: 3600
2025-01-17T13:08:03.104922Z  INFO mito2::compaction::task: Compacted SST files, region_id: 5656471928832(1317, 0), input: [FileMeta { region_id: 5656471928832(1317, 0), file_id: FileId(eadb3162-d47e-4eb8-94ae-15d96832d87b), time_range: (1737061200000000000::Nanosecond, 1737147600000000000::Nanosecond), level: 0, file_size: 22976, available_indexes: [InvertedIndex], index_file_size: 6113, num_rows: 1237, num_row_groups: 1, sequence: Some(911498) }, FileMeta { region_id: 5656471928832(1317, 0), file_id: FileId(5782f91a-8577-4717-a13e-0f563cff3609), time_range: (1737061200000000000::Nanosecond, 1737147600000000000::Nanosecond), level: 1, file_size: 23056, available_indexes: [InvertedIndex], index_file_size: 6112, num_rows: 1243, num_row_groups: 1, sequence: Some(901706) }], output: [FileMeta { region_id: 5656471928832(1317, 0), file_id: FileId(b908ccd2-88f0-4e99-b736-356392c8c535), time_range: (1737061200000000000::Nanosecond, 1737147600000000000::Nanosecond), level: 1, file_size: 23286, available_indexes: [InvertedIndex], index_file_size: 6113, num_rows: 1256, num_row_groups: 1, sequence: Some(911498) }], window: Some(604800), waiter_num: 0, merge_time: 0.017558373s
2025-01-17T13:08:03.107549Z  INFO mito2::request: Successfully compacted region: 5656471928832(1317, 0)
2025-01-17T13:08:03.107653Z  INFO mito2::sst::file_purger: Successfully deleted SST file, file_id: eadb3162-d47e-4eb8-94ae-15d96832d87b, region: 5656471928832(1317, 0)
2025-01-17T13:08:03.107709Z  INFO mito2::sst::file_purger: Successfully deleted SST file, file_id: 5782f91a-8577-4717-a13e-0f563cff3609, region: 5656471928832(1317, 0)
2025-01-17T13:08:03.195224Z  INFO mito2::flush: Successfully flush memtables, region: 5643587026950(1314, 6), reason: EngineFull, files: [FileId(f1d518d1-a06a-4d43-9ddd-f0516e7eb794)], cost: 0.108591697s
2025-01-17T13:08:03.195236Z  INFO mito2::flush: Applying RegionEdit { files_to_add: [FileMeta { region_id: 5643587026950(1314, 6), file_id: FileId(f1d518d1-a06a-4d43-9ddd-f0516e7eb794), time_range: (1737061165564632000::Nanosecond, 1737148082190651000::Nanosecond), level: 0, file_size: 891736, available_indexes: [InvertedIndex], index_file_size: 5099, num_rows: 234760, num_row_groups: 3, sequence: Some(234760) }], files_to_remove: [], compaction_time_window: None, flushed_entry_id: Some(757), flushed_sequence: Some(234760) } to region 5643587026950(1314, 6)
2025-01-17T13:08:03.198461Z  INFO mito2::flush: Successfully update manifest version to 1, region: 5643587026950(1314, 6), reason: EngineFull
2025-01-17T13:08:03.200838Z  INFO mito2::worker::handle_flush: Region 5643587026950(1314, 6) flush finished, tries to bump wal to 757
2025-01-17T13:08:03.200868Z  INFO log_store::raft_engine::log_store: Namespace 5643587026950 obsoleted 757 entries, compacted index: 757, span: (None, None)
2025-01-17T13:08:03.200882Z  INFO mito2::compaction::twcs: Compaction window for region 5643587026950(1314, 6) is not present, inferring from files: 604800
2025-01-17T13:08:43.086621Z  INFO mito2::flush: Successfully flush memtables, region: 5656471928832(1317, 0), reason: EngineFull, files: [FileId(21d9385e-e757-4f15-bec2-c64c04bfa40d)], cost: 0.021207602s
2025-01-17T13:08:43.086634Z  INFO mito2::flush: Applying RegionEdit { files_to_add: [FileMeta { region_id: 5656471928832(1317, 0), file_id: FileId(21d9385e-e757-4f15-bec2-c64c04bfa40d), time_range: (1737061200000000000::Nanosecond, 1737147600000000000::Nanosecond), level: 0, file_size: 22930, available_indexes: [InvertedIndex], index_file_size: 6112, num_rows: 1224, num_row_groups: 1, sequence: Some(960458) }], files_to_remove: [], compaction_time_window: None, flushed_entry_id: Some(793), flushed_sequence: Some(960458) } to region 5656471928832(1317, 0)
2025-01-17T13:08:43.089537Z  INFO mito2::flush: Successfully update manifest version to 15, region: 5656471928832(1317, 0), reason: EngineFull
2025-01-17T13:08:43.090125Z  INFO mito2::worker::handle_flush: Region 5656471928832(1317, 0) flush finished, tries to bump wal to 793
2025-01-17T13:08:43.090144Z  INFO log_store::raft_engine::log_store: Namespace 5656471928832 obsoleted 40 entries, compacted index: 793, span: (Some(794), Some(794))
2025-01-17T13:08:43.090166Z  INFO mito2::compaction::twcs: Building compaction output, active window: Some(1737590400), current window: 1737590400, max runs: 4, found runs: 5, output size: 1, max output size: None, remove deletion markers: false
2025-01-17T13:08:43.090181Z  INFO mito2::compaction::compactor: Compaction region 5656471928832(1317, 0) output [21d9385e-e757-4f15-bec2-c64c04bfa40d,a8268328-03c6-46db-84bc-ecf7c941142f]-> 90c5a5ea-009b-44ad-8bfe-d57173f3e869
2025-01-17T13:08:43.106702Z  INFO mito2::compaction::task: Compacted SST files, region_id: 5656471928832(1317, 0), input: [FileMeta { region_id: 5656471928832(1317, 0), file_id: FileId(21d9385e-e757-4f15-bec2-c64c04bfa40d), time_range: (1737061200000000000::Nanosecond, 1737147600000000000::Nanosecond), level: 0, file_size: 22930, available_indexes: [InvertedIndex], index_file_size: 6112, num_rows: 1224, num_row_groups: 1, sequence: Some(960458) }, FileMeta { region_id: 5656471928832(1317, 0), file_id: FileId(a8268328-03c6-46db-84bc-ecf7c941142f), time_range: (1737061200000000000::Nanosecond, 1737147600000000000::Nanosecond), level: 1, file_size: 23056, available_indexes: [InvertedIndex], index_file_size: 6112, num_rows: 1243, num_row_groups: 1, sequence: Some(909050) }], output: [FileMeta { region_id: 5656471928832(1317, 0), file_id: FileId(90c5a5ea-009b-44ad-8bfe-d57173f3e869), time_range: (1737061200000000000::Nanosecond, 1737147600000000000::Nanosecond), level: 1, file_size: 23302, available_indexes: [InvertedIndex], index_file_size: 6113, num_rows: 1256, num_row_groups: 1, sequence: Some(960458) }], window: Some(604800), waiter_num: 0, merge_time: 0.016522211s
2025-01-17T13:08:43.109704Z  INFO mito2::request: Successfully compacted region: 5656471928832(1317, 0)
2025-01-17T13:08:43.110080Z  INFO mito2::sst::file_purger: Successfully deleted SST file, file_id: 21d9385e-e757-4f15-bec2-c64c04bfa40d, region: 5656471928832(1317, 0)
2025-01-17T13:08:43.110132Z  INFO mito2::sst::file_purger: Successfully deleted SST file, file_id: a8268328-03c6-46db-84bc-ecf7c941142f, region: 5656471928832(1317, 0)
2025-01-17T13:08:45.077724Z  INFO mito2::flush: Successfully flush memtables, region: 5647881994240(1315, 0), reason: EngineFull, files: [FileId(8603b2f5-455a-426a-beb4-d38003ffcc5d)], cost: 0.010101619s
2025-01-17T13:08:45.077738Z  INFO mito2::flush: Applying RegionEdit { files_to_add: [FileMeta { region_id: 5647881994240(1315, 0), file_id: FileId(8603b2f5-455a-426a-beb4-d38003ffcc5d), time_range: (1737068400000000000::Nanosecond, 1737068400000000000::Nanosecond), level: 0, file_size: 8661, available_indexes: [InvertedIndex], index_file_size: 2144, num_rows: 101, num_row_groups: 1, sequence: Some(78181) }], files_to_remove: [], compaction_time_window: None, flushed_entry_id: Some(780), flushed_sequence: Some(78181) } to region 5647881994240(1315, 0)
2025-01-17T13:08:45.080496Z  INFO mito2::flush: Successfully update manifest version to 4, region: 5647881994240(1315, 0), reason: EngineFull
2025-01-17T13:08:45.080630Z  INFO mito2::worker::handle_flush: Region 5647881994240(1315, 0) flush finished, tries to bump wal to 780
2025-01-17T13:08:45.080649Z  INFO log_store::raft_engine::log_store: Namespace 5647881994240 obsoleted 40 entries, compacted index: 780, span: (Some(781), Some(782))
2025-01-17T13:08:45.080662Z  INFO mito2::compaction::twcs: Compaction window for region 5647881994240(1315, 0) is not present, inferring from files: 3600
2025-01-17T13:08:46.082032Z  INFO mito2::flush: Successfully flush memtables, region: 5656471928832(1317, 0), reason: EngineFull, files: [FileId(4d13cd6b-f6e5-4f85-a739-c87652247835)], cost: 0.015948869s
2025-01-17T13:08:46.082043Z  INFO mito2::flush: Applying RegionEdit { files_to_add: [FileMeta { region_id: 5656471928832(1317, 0), file_id: FileId(4d13cd6b-f6e5-4f85-a739-c87652247835), time_range: (1737061200000000000::Nanosecond, 1737147600000000000::Nanosecond), level: 0, file_size: 22930, available_indexes: [InvertedIndex], index_file_size: 6112, num_rows: 1224, num_row_groups: 1, sequence: Some(964130) }], files_to_remove: [], compaction_time_window: None, flushed_entry_id: Some(796), flushed_sequence: Some(964130) } to region 5656471928832(1317, 0)
2025-01-17T13:08:46.084469Z  INFO mito2::flush: Successfully update manifest version to 17, region: 5656471928832(1317, 0), reason: EngineFull
2025-01-17T13:08:46.084948Z  INFO mito2::worker::handle_flush: Region 5656471928832(1317, 0) flush finished, tries to bump wal to 796
2025-01-17T13:08:46.084967Z  INFO log_store::raft_engine::log_store: Namespace 5656471928832 obsoleted 3 entries, compacted index: 796, span: (Some(797), Some(797))
2025-01-17T13:08:46.084991Z  INFO mito2::compaction::twcs: Building compaction output, active window: Some(1737590400), current window: 1737590400, max runs: 4, found runs: 5, output size: 1, max output size: None, remove deletion markers: false
2025-01-17T13:08:46.085009Z  INFO mito2::compaction::compactor: Compaction region 5656471928832(1317, 0) output [4d13cd6b-f6e5-4f85-a739-c87652247835,b908ccd2-88f0-4e99-b736-356392c8c535]-> 6f283a37-d5f7-469d-ada8-a612b7228230
2025-01-17T13:08:46.090434Z  INFO mito2::flush: Successfully flush memtables, region: 5652176961536(1316, 0), reason: EngineFull, files: [FileId(1ed6c9b8-ba11-418e-965a-d6f2015124b9)], cost: 0.017532173s
2025-01-17T13:08:46.090440Z  INFO mito2::flush: Applying RegionEdit { files_to_add: [FileMeta { region_id: 5652176961536(1316, 0), file_id: FileId(1ed6c9b8-ba11-418e-965a-d6f2015124b9), time_range: (1737061200000000000::Nanosecond, 1737147600000000000::Nanosecond), level: 0, file_size: 44433, available_indexes: [InvertedIndex], index_file_size: 6011, num_rows: 1245, num_row_groups: 1, sequence: Some(951534) }], files_to_remove: [], compaction_time_window: None, flushed_entry_id: Some(787), flushed_sequence: Some(951534) } to region 5652176961536(1316, 0)
2025-01-17T13:08:46.093063Z  INFO mito2::flush: Successfully update manifest version to 4, region: 5652176961536(1316, 0), reason: EngineFull
2025-01-17T13:08:46.093864Z  INFO mito2::worker::handle_flush: Region 5652176961536(1316, 0) flush finished, tries to bump wal to 787
2025-01-17T13:08:46.093882Z  INFO log_store::raft_engine::log_store: Namespace 5652176961536 obsoleted 44 entries, compacted index: 787, span: (Some(788), Some(788))
2025-01-17T13:08:46.093892Z  INFO mito2::compaction::twcs: Compaction window for region 5652176961536(1316, 0) is not present, inferring from files: 604800
2025-01-17T13:08:46.100470Z  INFO mito2::compaction::task: Compacted SST files, region_id: 5656471928832(1317, 0), input: [FileMeta { region_id: 5656471928832(1317, 0), file_id: FileId(4d13cd6b-f6e5-4f85-a739-c87652247835), time_range: (1737061200000000000::Nanosecond, 1737147600000000000::Nanosecond), level: 0, file_size: 22930, available_indexes: [InvertedIndex], index_file_size: 6112, num_rows: 1224, num_row_groups: 1, sequence: Some(964130) }, FileMeta { region_id: 5656471928832(1317, 0), file_id: FileId(b908ccd2-88f0-4e99-b736-356392c8c535), time_range: (1737061200000000000::Nanosecond, 1737147600000000000::Nanosecond), level: 1, file_size: 23286, available_indexes: [InvertedIndex], index_file_size: 6113, num_rows: 1256, num_row_groups: 1, sequence: Some(911498) }], output: [FileMeta { region_id: 5656471928832(1317, 0), file_id: FileId(6f283a37-d5f7-469d-ada8-a612b7228230), time_range: (1737061200000000000::Nanosecond, 1737147600000000000::Nanosecond), level: 1, file_size: 23302, available_indexes: [InvertedIndex], index_file_size: 6112, num_rows: 1256, num_row_groups: 1, sequence: Some(964130) }], window: Some(604800), waiter_num: 0, merge_time: 0.015463198s
2025-01-17T13:08:46.103570Z  INFO mito2::request: Successfully compacted region: 5656471928832(1317, 0)
2025-01-17T13:08:46.103771Z  INFO mito2::sst::file_purger: Successfully deleted SST file, file_id: b908ccd2-88f0-4e99-b736-356392c8c535, region: 5656471928832(1317, 0)
2025-01-17T13:08:46.103785Z  INFO mito2::sst::file_purger: Successfully deleted SST file, file_id: 4d13cd6b-f6e5-4f85-a739-c87652247835, region: 5656471928832(1317, 0)
2025-01-17T13:08:50.079043Z  INFO mito2::flush: Successfully flush memtables, region: 5647881994240(1315, 0), reason: EngineFull, files: [FileId(fb3ed340-266b-4c47-989a-eb212efce1bf)], cost: 0.010990603s
2025-01-17T13:08:50.079058Z  INFO mito2::flush: Applying RegionEdit { files_to_add: [FileMeta { region_id: 5647881994240(1315, 0), file_id: FileId(fb3ed340-266b-4c47-989a-eb212efce1bf), time_range: (1737068400000000000::Nanosecond, 1737068400000000000::Nanosecond), level: 0, file_size: 8661, available_indexes: [InvertedIndex], index_file_size: 2144, num_rows: 101, num_row_groups: 1, sequence: Some(78787) }], files_to_remove: [], compaction_time_window: None, flushed_entry_id: Some(786), flushed_sequence: Some(78787) } to region 5647881994240(1315, 0)
2025-01-17T13:08:50.083912Z  INFO mito2::flush: Successfully update manifest version to 5, region: 5647881994240(1315, 0), reason: EngineFull
2025-01-17T13:08:50.084581Z  INFO mito2::worker::handle_flush: Region 5647881994240(1315, 0) flush finished, tries to bump wal to 786
2025-01-17T13:08:50.084603Z  INFO log_store::raft_engine::log_store: Namespace 5647881994240 obsoleted 6 entries, compacted index: 786, span: (Some(787), Some(787))
2025-01-17T13:08:50.084618Z  INFO mito2::compaction::twcs: Compaction window for region 5647881994240(1315, 0) is not present, inferring from files: 3600
2025-01-17T13:08:50.084631Z  INFO mito2::compaction::twcs: Building compaction output, active window: Some(1737068400), current window: 1737068400, max runs: 4, found runs: 5, output size: 1, max output size: None, remove deletion markers: false
2025-01-17T13:08:50.084647Z  INFO mito2::compaction::compactor: Compaction region 5647881994240(1315, 0) output [8603b2f5-455a-426a-beb4-d38003ffcc5d,c2b216f6-bfec-43a5-827f-e38de52a02a2]-> ff4b5c3e-b8f6-455c-87f8-e2fdcb998dd1
2025-01-17T13:08:50.086078Z  INFO mito2::flush: Successfully flush memtables, region: 5656471928832(1317, 0), reason: EngineFull, files: [FileId(cb88d955-274d-4075-ad6a-af41b244a6f4)], cost: 0.018229179s
2025-01-17T13:08:50.086092Z  INFO mito2::flush: Applying RegionEdit { files_to_add: [FileMeta { region_id: 5656471928832(1317, 0), file_id: FileId(cb88d955-274d-4075-ad6a-af41b244a6f4), time_range: (1737061200000000000::Nanosecond, 1737147600000000000::Nanosecond), level: 0, file_size: 22930, available_indexes: [InvertedIndex], index_file_size: 6113, num_rows: 1224, num_row_groups: 1, sequence: Some(969026) }], files_to_remove: [], compaction_time_window: None, flushed_entry_id: Some(800), flushed_sequence: Some(969026) } to region 5656471928832(1317, 0)
2025-01-17T13:08:50.088580Z  INFO mito2::flush: Successfully update manifest version to 19, region: 5656471928832(1317, 0), reason: EngineFull
2025-01-17T13:08:50.089328Z  INFO mito2::worker::handle_flush: Region 5656471928832(1317, 0) flush finished, tries to bump wal to 800
2025-01-17T13:08:50.089355Z  INFO log_store::raft_engine::log_store: Namespace 5656471928832 obsoleted 4 entries, compacted index: 800, span: (Some(801), Some(801))
2025-01-17T13:08:50.089387Z  INFO mito2::compaction::twcs: Building compaction output, active window: Some(1737590400), current window: 1737590400, max runs: 4, found runs: 5, output size: 1, max output size: None, remove deletion markers: false
2025-01-17T13:08:50.089409Z  INFO mito2::compaction::compactor: Compaction region 5656471928832(1317, 0) output [cb88d955-274d-4075-ad6a-af41b244a6f4,1708a2d0-adb9-4bd4-b87d-88d901ab2335]-> ce2009fa-bc80-4505-a1d9-db4e883d67f4
2025-01-17T13:08:50.090762Z  INFO mito2::flush: Successfully flush memtables, region: 5652176961536(1316, 0), reason: EngineFull, files: [FileId(5c074519-b8ad-4b89-890c-b5f39cee6814)], cost: 0.019021697s
2025-01-17T13:08:50.090773Z  INFO mito2::flush: Applying RegionEdit { files_to_add: [FileMeta { region_id: 5652176961536(1316, 0), file_id: FileId(5c074519-b8ad-4b89-890c-b5f39cee6814), time_range: (1737061200000000000::Nanosecond, 1737147600000000000::Nanosecond), level: 0, file_size: 44095, available_indexes: [InvertedIndex], index_file_size: 6010, num_rows: 1222, num_row_groups: 1, sequence: Some(956422) }], files_to_remove: [], compaction_time_window: None, flushed_entry_id: Some(791), flushed_sequence: Some(956422) } to region 5652176961536(1316, 0)
2025-01-17T13:08:50.095103Z  INFO mito2::flush: Successfully update manifest version to 5, region: 5652176961536(1316, 0), reason: EngineFull
2025-01-17T13:08:50.095798Z  INFO mito2::worker::handle_flush: Region 5652176961536(1316, 0) flush finished, tries to bump wal to 791
2025-01-17T13:08:50.095817Z  INFO log_store::raft_engine::log_store: Namespace 5652176961536 obsoleted 4 entries, compacted index: 791, span: (Some(792), Some(792))
2025-01-17T13:08:50.095834Z  INFO mito2::compaction::twcs: Compaction window for region 5652176961536(1316, 0) is not present, inferring from files: 604800
2025-01-17T13:08:50.095848Z  INFO mito2::compaction::twcs: Building compaction output, active window: Some(1737590400), current window: 1737590400, max runs: 4, found runs: 5, output size: 1, max output size: None, remove deletion markers: false
2025-01-17T13:08:50.095862Z  INFO mito2::compaction::compactor: Compaction region 5652176961536(1316, 0) output [5c074519-b8ad-4b89-890c-b5f39cee6814,327d9a9e-02bd-4ec8-9559-f867ff04ee83]-> 5e3540a0-bf8b-45f5-a29b-a57300e9871e
2025-01-17T13:08:50.097229Z  INFO mito2::compaction::task: Compacted SST files, region_id: 5647881994240(1315, 0), input: [FileMeta { region_id: 5647881994240(1315, 0), file_id: FileId(8603b2f5-455a-426a-beb4-d38003ffcc5d), time_range: (1737068400000000000::Nanosecond, 1737068400000000000::Nanosecond), level: 0, file_size: 8661, available_indexes: [InvertedIndex], index_file_size: 2144, num_rows: 101, num_row_groups: 1, sequence: Some(78181) }, FileMeta { region_id: 5647881994240(1315, 0), file_id: FileId(c2b216f6-bfec-43a5-827f-e38de52a02a2), time_range: (1737068400000000000::Nanosecond, 1737068400000000000::Nanosecond), level: 0, file_size: 8655, available_indexes: [InvertedIndex], index_file_size: 2142, num_rows: 100, num_row_groups: 1, sequence: Some(73839) }], output: [FileMeta { region_id: 5647881994240(1315, 0), file_id: FileId(ff4b5c3e-b8f6-455c-87f8-e2fdcb998dd1), time_range: (1737068400000000000::Nanosecond, 1737068400000000000::Nanosecond), level: 1, file_size: 8685, available_indexes: [InvertedIndex], index_file_size: 2166, num_rows: 102, num_row_groups: 1, sequence: Some(78181) }], window: Some(3600), waiter_num: 0, merge_time: 0.012583004s
2025-01-17T13:08:50.100068Z  INFO mito2::request: Successfully compacted region: 5647881994240(1315, 0)
2025-01-17T13:08:50.100196Z  INFO mito2::sst::file_purger: Successfully deleted SST file, file_id: 8603b2f5-455a-426a-beb4-d38003ffcc5d, region: 5647881994240(1315, 0)
2025-01-17T13:08:50.100198Z  INFO mito2::sst::file_purger: Successfully deleted SST file, file_id: c2b216f6-bfec-43a5-827f-e38de52a02a2, region: 5647881994240(1315, 0)
2025-01-17T13:08:50.105843Z  INFO mito2::compaction::task: Compacted SST files, region_id: 5656471928832(1317, 0), input: [FileMeta { region_id: 5656471928832(1317, 0), file_id: FileId(cb88d955-274d-4075-ad6a-af41b244a6f4), time_range: (1737061200000000000::Nanosecond, 1737147600000000000::Nanosecond), level: 0, file_size: 22930, available_indexes: [InvertedIndex], index_file_size: 6113, num_rows: 1224, num_row_groups: 1, sequence: Some(969026) }, FileMeta { region_id: 5656471928832(1317, 0), file_id: FileId(1708a2d0-adb9-4bd4-b87d-88d901ab2335), time_range: (1737061200000000000::Nanosecond, 1737147600000000000::Nanosecond), level: 1, file_size: 23289, available_indexes: [InvertedIndex], index_file_size: 6112, num_rows: 1259, num_row_groups: 1, sequence: Some(900482) }], output: [FileMeta { region_id: 5656471928832(1317, 0), file_id: FileId(ce2009fa-bc80-4505-a1d9-db4e883d67f4), time_range: (1737061200000000000::Nanosecond, 1737147600000000000::Nanosecond), level: 1, file_size: 23533, available_indexes: [InvertedIndex], index_file_size: 6112, num_rows: 1272, num_row_groups: 1, sequence: Some(969026) }], window: Some(604800), waiter_num: 0, merge_time: 0.016437797s
2025-01-17T13:08:50.108428Z  INFO mito2::manifest::checkpointer: Start doing checkpoint for region 5656471928832(1317, 0), compacted version: [11, 20]
2025-01-17T13:08:50.108463Z  INFO mito2::request: Successfully compacted region: 5656471928832(1317, 0)
2025-01-17T13:08:50.108587Z  INFO mito2::sst::file_purger: Successfully deleted SST file, file_id: cb88d955-274d-4075-ad6a-af41b244a6f4, region: 5656471928832(1317, 0)
2025-01-17T13:08:50.108593Z  INFO mito2::sst::file_purger: Successfully deleted SST file, file_id: 1708a2d0-adb9-4bd4-b87d-88d901ab2335, region: 5656471928832(1317, 0)
2025-01-17T13:08:50.115339Z  INFO mito2::compaction::task: Compacted SST files, region_id: 5652176961536(1316, 0), input: [FileMeta { region_id: 5652176961536(1316, 0), file_id: FileId(5c074519-b8ad-4b89-890c-b5f39cee6814), time_range: (1737061200000000000::Nanosecond, 1737147600000000000::Nanosecond), level: 0, file_size: 44095, available_indexes: [InvertedIndex], index_file_size: 6010, num_rows: 1222, num_row_groups: 1, sequence: Some(956422) }, FileMeta { region_id: 5652176961536(1316, 0), file_id: FileId(327d9a9e-02bd-4ec8-9559-f867ff04ee83), time_range: (1737061200000000000::Nanosecond, 1737147600000000000::Nanosecond), level: 0, file_size: 44091, available_indexes: [InvertedIndex], index_file_size: 6011, num_rows: 1222, num_row_groups: 1, sequence: Some(897766) }], output: [FileMeta { region_id: 5652176961536(1316, 0), file_id: FileId(5e3540a0-bf8b-45f5-a29b-a57300e9871e), time_range: (1737061200000000000::Nanosecond, 1737147600000000000::Nanosecond), level: 1, file_size: 44430, available_indexes: [InvertedIndex], index_file_size: 6010, num_rows: 1245, num_row_groups: 1, sequence: Some(956422) }], window: Some(604800), waiter_num: 0, merge_time: 0.019477015s
2025-01-17T13:08:50.118169Z  INFO mito2::manifest::checkpointer: Checkpoint for region 5656471928832(1317, 0) success, version: 20
2025-01-17T13:08:50.120841Z  INFO mito2::request: Successfully compacted region: 5652176961536(1316, 0)
2025-01-17T13:08:50.121070Z  INFO mito2::sst::file_purger: Successfully deleted SST file, file_id: 327d9a9e-02bd-4ec8-9559-f867ff04ee83, region: 5652176961536(1316, 0)
2025-01-17T13:08:50.121125Z  INFO mito2::sst::file_purger: Successfully deleted SST file, file_id: 5c074519-b8ad-4b89-890c-b5f39cee6814, region: 5652176961536(1316, 0)
2025-01-17T13:08:51.081356Z  INFO mito2::flush: Successfully flush memtables, region: 5656471928832(1317, 0), reason: EngineFull, files: [FileId(01c88588-6d17-43c4-9388-70de88aa32e4)], cost: 0.01587359s
2025-01-17T13:08:51.081368Z  INFO mito2::flush: Applying RegionEdit { files_to_add: [FileMeta { region_id: 5656471928832(1317, 0), file_id: FileId(01c88588-6d17-43c4-9388-70de88aa32e4), time_range: (1737061200000000000::Nanosecond, 1737147600000000000::Nanosecond), level: 0, file_size: 22938, available_indexes: [InvertedIndex], index_file_size: 6112, num_rows: 1224, num_row_groups: 1, sequence: Some(970250) }], files_to_remove: [], compaction_time_window: None, flushed_entry_id: Some(801), flushed_sequence: Some(970250) } to region 5656471928832(1317, 0)
2025-01-17T13:08:51.086964Z  INFO mito2::flush: Successfully update manifest version to 21, region: 5656471928832(1317, 0), reason: EngineFull
2025-01-17T13:08:51.087935Z  INFO mito2::worker::handle_flush: Region 5656471928832(1317, 0) flush finished, tries to bump wal to 801
2025-01-17T13:08:51.087975Z  INFO log_store::raft_engine::log_store: Namespace 5656471928832 obsoleted 1 entries, compacted index: 801, span: (Some(802), Some(802))
2025-01-17T13:08:51.088010Z  INFO mito2::compaction::twcs: Building compaction output, active window: Some(1737590400), current window: 1737590400, max runs: 4, found runs: 5, output size: 1, max output size: None, remove deletion markers: false
2025-01-17T13:08:51.088048Z  INFO mito2::compaction::compactor: Compaction region 5656471928832(1317, 0) output [01c88588-6d17-43c4-9388-70de88aa32e4,90c5a5ea-009b-44ad-8bfe-d57173f3e869]-> 146c0500-0080-4324-8de1-f5f560b3eb6a
2025-01-17T13:08:51.089527Z  INFO mito2::flush: Successfully flush memtables, region: 5652176961536(1316, 0), reason: EngineFull, files: [FileId(2dccec57-ba4a-4f88-9cef-84e3679a30c1)], cost: 0.021376352s
2025-01-17T13:08:51.089534Z  INFO mito2::flush: Applying RegionEdit { files_to_add: [FileMeta { region_id: 5652176961536(1316, 0), file_id: FileId(2dccec57-ba4a-4f88-9cef-84e3679a30c1), time_range: (1737061200000000000::Nanosecond, 1737147600000000000::Nanosecond), level: 0, file_size: 44095, available_indexes: [InvertedIndex], index_file_size: 6011, num_rows: 1222, num_row_groups: 1, sequence: Some(957644) }], files_to_remove: [], compaction_time_window: None, flushed_entry_id: Some(792), flushed_sequence: Some(957644) } to region 5652176961536(1316, 0)
2025-01-17T13:08:51.095871Z  INFO mito2::flush: Successfully update manifest version to 7, region: 5652176961536(1316, 0), reason: EngineFull
2025-01-17T13:08:51.097481Z  INFO mito2::worker::handle_flush: Region 5652176961536(1316, 0) flush finished, tries to bump wal to 792
2025-01-17T13:08:51.097501Z  INFO log_store::raft_engine::log_store: Namespace 5652176961536 obsoleted 1 entries, compacted index: 792, span: (Some(793), Some(793))
2025-01-17T13:08:51.097524Z  INFO mito2::compaction::twcs: Building compaction output, active window: Some(1737590400), current window: 1737590400, max runs: 4, found runs: 5, output size: 1, max output size: None, remove deletion markers: false
2025-01-17T13:08:51.097541Z  INFO mito2::compaction::compactor: Compaction region 5652176961536(1316, 0) output [7ed002d0-fb5f-4dda-86bd-d24ac94806e0,2dccec57-ba4a-4f88-9cef-84e3679a30c1]-> 082d63d1-9ee2-4b7c-b364-537877799958
2025-01-17T13:08:51.098549Z  INFO mito2::flush: Successfully flush memtables, region: 5647881994240(1315, 0), reason: EngineFull, files: [FileId(840b4d27-0066-4122-9bbb-016a0cf51e79)], cost: 0.011522312s
2025-01-17T13:08:51.098557Z  INFO mito2::flush: Applying RegionEdit { files_to_add: [FileMeta { region_id: 5647881994240(1315, 0), file_id: FileId(840b4d27-0066-4122-9bbb-016a0cf51e79), time_range: (1737068400000000000::Nanosecond, 1737068400000000000::Nanosecond), level: 0, file_size: 8661, available_indexes: [InvertedIndex], index_file_size: 2144, num_rows: 101, num_row_groups: 1, sequence: Some(78888) }], files_to_remove: [], compaction_time_window: None, flushed_entry_id: Some(787), flushed_sequence: Some(78888) } to region 5647881994240(1315, 0)
2025-01-17T13:08:51.101041Z  INFO mito2::flush: Successfully update manifest version to 7, region: 5647881994240(1315, 0), reason: EngineFull
2025-01-17T13:08:51.101138Z  INFO mito2::worker::handle_flush: Region 5647881994240(1315, 0) flush finished, tries to bump wal to 787
2025-01-17T13:08:51.101151Z  INFO log_store::raft_engine::log_store: Namespace 5647881994240 obsoleted 1 entries, compacted index: 787, span: (None, None)
2025-01-17T13:08:51.101165Z  INFO mito2::compaction::twcs: Building compaction output, active window: Some(1737068400), current window: 1737068400, max runs: 4, found runs: 5, output size: 1, max output size: None, remove deletion markers: false
2025-01-17T13:08:51.101179Z  INFO mito2::compaction::compactor: Compaction region 5647881994240(1315, 0) output [fb3ed340-266b-4c47-989a-eb212efce1bf,840b4d27-0066-4122-9bbb-016a0cf51e79]-> c1b687ae-06b0-4412-ba8e-031a7d53e9aa
2025-01-17T13:08:51.108253Z  INFO mito2::compaction::task: Compacted SST files, region_id: 5656471928832(1317, 0), input: [FileMeta { region_id: 5656471928832(1317, 0), file_id: FileId(01c88588-6d17-43c4-9388-70de88aa32e4), time_range: (1737061200000000000::Nanosecond, 1737147600000000000::Nanosecond), level: 0, file_size: 22938, available_indexes: [InvertedIndex], index_file_size: 6112, num_rows: 1224, num_row_groups: 1, sequence: Some(970250) }, FileMeta { region_id: 5656471928832(1317, 0), file_id: FileId(90c5a5ea-009b-44ad-8bfe-d57173f3e869), time_range: (1737061200000000000::Nanosecond, 1737147600000000000::Nanosecond), level: 1, file_size: 23302, available_indexes: [InvertedIndex], index_file_size: 6113, num_rows: 1256, num_row_groups: 1, sequence: Some(960458) }], output: [FileMeta { region_id: 5656471928832(1317, 0), file_id: FileId(146c0500-0080-4324-8de1-f5f560b3eb6a), time_range: (1737061200000000000::Nanosecond, 1737147600000000000::Nanosecond), level: 1, file_size: 23311, available_indexes: [InvertedIndex], index_file_size: 6112, num_rows: 1256, num_row_groups: 1, sequence: Some(970250) }], window: Some(604800), waiter_num: 0, merge_time: 0.020205522s
2025-01-17T13:08:51.110481Z  INFO mito2::flush: Successfully flush memtables, region: 5643587026949(1314, 5), reason: EngineFull, files: [FileId(e1535382-d082-4111-b850-505d8659fedf)], cost: 0.023435877s
2025-01-17T13:08:51.110488Z  INFO mito2::flush: Applying RegionEdit { files_to_add: [FileMeta { region_id: 5643587026949(1314, 5), file_id: FileId(e1535382-d082-4111-b850-505d8659fedf), time_range: (1737062082170426000::Nanosecond, 1737148010241696000::Nanosecond), level: 0, file_size: 208801, available_indexes: [InvertedIndex], index_file_size: 1671, num_rows: 30360, num_row_groups: 1, sequence: Some(354135) }], files_to_remove: [], compaction_time_window: None, flushed_entry_id: Some(805), flushed_sequence: Some(354135) } to region 5643587026949(1314, 5)
2025-01-17T13:08:51.112671Z  INFO mito2::request: Successfully compacted region: 5656471928832(1317, 0)
2025-01-17T13:08:51.112670Z  INFO mito2::compaction::task: Compacted SST files, region_id: 5647881994240(1315, 0), input: [FileMeta { region_id: 5647881994240(1315, 0), file_id: FileId(fb3ed340-266b-4c47-989a-eb212efce1bf), time_range: (1737068400000000000::Nanosecond, 1737068400000000000::Nanosecond), level: 0, file_size: 8661, available_indexes: [InvertedIndex], index_file_size: 2144, num_rows: 101, num_row_groups: 1, sequence: Some(78787) }, FileMeta { region_id: 5647881994240(1315, 0), file_id: FileId(840b4d27-0066-4122-9bbb-016a0cf51e79), time_range: (1737068400000000000::Nanosecond, 1737068400000000000::Nanosecond), level: 0, file_size: 8661, available_indexes: [InvertedIndex], index_file_size: 2144, num_rows: 101, num_row_groups: 1, sequence: Some(78888) }], output: [FileMeta { region_id: 5647881994240(1315, 0), file_id: FileId(c1b687ae-06b0-4412-ba8e-031a7d53e9aa), time_range: (1737068400000000000::Nanosecond, 1737068400000000000::Nanosecond), level: 1, file_size: 8661, available_indexes: [InvertedIndex], index_file_size: 2145, num_rows: 101, num_row_groups: 1, sequence: Some(78888) }], window: Some(3600), waiter_num: 0, merge_time: 0.011492454s
2025-01-17T13:08:51.112774Z  INFO mito2::sst::file_purger: Successfully deleted SST file, file_id: 90c5a5ea-009b-44ad-8bfe-d57173f3e869, region: 5656471928832(1317, 0)
2025-01-17T13:08:51.112780Z  INFO mito2::sst::file_purger: Successfully deleted SST file, file_id: 01c88588-6d17-43c4-9388-70de88aa32e4, region: 5656471928832(1317, 0)
2025-01-17T13:08:51.114956Z  INFO mito2::flush: Successfully update manifest version to 3, region: 5643587026949(1314, 5), reason: EngineFull
2025-01-17T13:08:51.115457Z  INFO mito2::worker::handle_flush: Region 5643587026949(1314, 5) flush finished, tries to bump wal to 805
2025-01-17T13:08:51.115475Z  INFO log_store::raft_engine::log_store: Namespace 5643587026949 obsoleted 69 entries, compacted index: 805, span: (None, None)
2025-01-17T13:08:51.115483Z  INFO mito2::compaction::twcs: Compaction window for region 5643587026949(1314, 5) is not present, inferring from files: 604800
2025-01-17T13:08:51.117082Z  INFO mito2::request: Successfully compacted region: 5647881994240(1315, 0)
2025-01-17T13:08:51.117147Z  INFO mito2::compaction::task: Compacted SST files, region_id: 5652176961536(1316, 0), input: [FileMeta { region_id: 5652176961536(1316, 0), file_id: FileId(7ed002d0-fb5f-4dda-86bd-d24ac94806e0), time_range: (1737061200000000000::Nanosecond, 1737147600000000000::Nanosecond), level: 0, file_size: 44228, available_indexes: [InvertedIndex], index_file_size: 6010, num_rows: 1240, num_row_groups: 1, sequence: Some(868438) }, FileMeta { region_id: 5652176961536(1316, 0), file_id: FileId(2dccec57-ba4a-4f88-9cef-84e3679a30c1), time_range: (1737061200000000000::Nanosecond, 1737147600000000000::Nanosecond), level: 0, file_size: 44095, available_indexes: [InvertedIndex], index_file_size: 6011, num_rows: 1222, num_row_groups: 1, sequence: Some(957644) }], output: [FileMeta { region_id: 5652176961536(1316, 0), file_id: FileId(082d63d1-9ee2-4b7c-b364-537877799958), time_range: (1737061200000000000::Nanosecond, 1737147600000000000::Nanosecond), level: 1, file_size: 44574, available_indexes: [InvertedIndex], index_file_size: 6011, num_rows: 1263, num_row_groups: 1, sequence: Some(957644) }], window: Some(604800), waiter_num: 0, merge_time: 0.019607835s
2025-01-17T13:08:51.117247Z  INFO mito2::sst::file_purger: Successfully deleted SST file, file_id: fb3ed340-266b-4c47-989a-eb212efce1bf, region: 5647881994240(1315, 0)
2025-01-17T13:08:51.117259Z  INFO mito2::sst::file_purger: Successfully deleted SST file, file_id: 840b4d27-0066-4122-9bbb-016a0cf51e79, region: 5647881994240(1315, 0)
2025-01-17T13:08:51.119605Z  INFO mito2::request: Successfully compacted region: 5652176961536(1316, 0)
2025-01-17T13:08:51.119774Z  INFO mito2::sst::file_purger: Successfully deleted SST file, file_id: 2dccec57-ba4a-4f88-9cef-84e3679a30c1, region: 5652176961536(1316, 0)
2025-01-17T13:08:51.119785Z  INFO mito2::sst::file_purger: Successfully deleted SST file, file_id: 7ed002d0-fb5f-4dda-86bd-d24ac94806e0, region: 5652176961536(1316, 0)
2025-01-17T13:08:56.077157Z  INFO mito2::flush: Successfully flush memtables, region: 5647881994240(1315, 0), reason: EngineFull, files: [FileId(55dfd83a-4055-4565-91ee-b3d0328df319)], cost: 0.010566158s
2025-01-17T13:08:56.077167Z  INFO mito2::flush: Applying RegionEdit { files_to_add: [FileMeta { region_id: 5647881994240(1315, 0), file_id: FileId(55dfd83a-4055-4565-91ee-b3d0328df319), time_range: (1737068400000000000::Nanosecond, 1737068400000000000::Nanosecond), level: 0, file_size: 8661, available_indexes: [InvertedIndex], index_file_size: 2144, num_rows: 101, num_row_groups: 1, sequence: Some(79292) }], files_to_remove: [], compaction_time_window: None, flushed_entry_id: Some(791), flushed_sequence: Some(79292) } to region 5647881994240(1315, 0)
2025-01-17T13:08:56.081391Z  INFO mito2::flush: Successfully update manifest version to 9, region: 5647881994240(1315, 0), reason: EngineFull
2025-01-17T13:08:56.081484Z  INFO mito2::worker::handle_flush: Region 5647881994240(1315, 0) flush finished, tries to bump wal to 791
2025-01-17T13:08:56.081497Z  INFO log_store::raft_engine::log_store: Namespace 5647881994240 obsoleted 4 entries, compacted index: 791, span: (Some(792), Some(792))
2025-01-17T13:08:56.081516Z  INFO mito2::compaction::twcs: Building compaction output, active window: Some(1737068400), current window: 1737068400, max runs: 4, found runs: 5, output size: 1, max output size: None, remove deletion markers: false
2025-01-17T13:08:56.081528Z  INFO mito2::compaction::compactor: Compaction region 5647881994240(1315, 0) output [55dfd83a-4055-4565-91ee-b3d0328df319,c1b687ae-06b0-4412-ba8e-031a7d53e9aa]-> 30356ae9-5c35-4252-b46a-2dd983f49700
2025-01-17T13:08:56.084072Z  INFO mito2::flush: Successfully flush memtables, region: 5656471928832(1317, 0), reason: EngineFull, files: [FileId(8f0da946-b814-42c2-86d6-ea639622a952)], cost: 0.017685172s
2025-01-17T13:08:56.084085Z  INFO mito2::flush: Applying RegionEdit { files_to_add: [FileMeta { region_id: 5656471928832(1317, 0), file_id: FileId(8f0da946-b814-42c2-86d6-ea639622a952), time_range: (1737061200000000000::Nanosecond, 1737147600000000000::Nanosecond), level: 0, file_size: 22930, available_indexes: [InvertedIndex], index_file_size: 6113, num_rows: 1224, num_row_groups: 1, sequence: Some(976370) }], files_to_remove: [], compaction_time_window: None, flushed_entry_id: Some(806), flushed_sequence: Some(976370) } to region 5656471928832(1317, 0)
2025-01-17T13:08:56.088967Z  INFO mito2::flush: Successfully update manifest version to 23, region: 5656471928832(1317, 0), reason: EngineFull
2025-01-17T13:08:56.089715Z  INFO mito2::worker::handle_flush: Region 5656471928832(1317, 0) flush finished, tries to bump wal to 806
2025-01-17T13:08:56.089741Z  INFO log_store::raft_engine::log_store: Namespace 5656471928832 obsoleted 5 entries, compacted index: 806, span: (Some(807), Some(807))
2025-01-17T13:08:56.089769Z  INFO mito2::compaction::twcs: Building compaction output, active window: Some(1737590400), current window: 1737590400, max runs: 4, found runs: 5, output size: 1, max output size: None, remove deletion markers: false
2025-01-17T13:08:56.089789Z  INFO mito2::compaction::compactor: Compaction region 5656471928832(1317, 0) output [8f0da946-b814-42c2-86d6-ea639622a952,6f283a37-d5f7-469d-ada8-a612b7228230]-> 2fbe2fce-48d4-4aad-8f81-24ea8e6d3108
2025-01-17T13:08:56.091057Z  INFO mito2::flush: Successfully flush memtables, region: 5652176961536(1316, 0), reason: EngineFull, files: [FileId(f1cfe34f-d13a-4440-b967-f9085503d44b)], cost: 0.019776707s
2025-01-17T13:08:56.091065Z  INFO mito2::flush: Applying RegionEdit { files_to_add: [FileMeta { region_id: 5652176961536(1316, 0), file_id: FileId(f1cfe34f-d13a-4440-b967-f9085503d44b), time_range: (1737061200000000000::Nanosecond, 1737147600000000000::Nanosecond), level: 0, file_size: 44092, available_indexes: [InvertedIndex], index_file_size: 6011, num_rows: 1222, num_row_groups: 1, sequence: Some(963754) }], files_to_remove: [], compaction_time_window: None, flushed_entry_id: Some(797), flushed_sequence: Some(963754) } to region 5652176961536(1316, 0)
2025-01-17T13:08:56.093251Z  INFO mito2::compaction::task: Compacted SST files, region_id: 5647881994240(1315, 0), input: [FileMeta { region_id: 5647881994240(1315, 0), file_id: FileId(55dfd83a-4055-4565-91ee-b3d0328df319), time_range: (1737068400000000000::Nanosecond, 1737068400000000000::Nanosecond), level: 0, file_size: 8661, available_indexes: [InvertedIndex], index_file_size: 2144, num_rows: 101, num_row_groups: 1, sequence: Some(79292) }, FileMeta { region_id: 5647881994240(1315, 0), file_id: FileId(c1b687ae-06b0-4412-ba8e-031a7d53e9aa), time_range: (1737068400000000000::Nanosecond, 1737068400000000000::Nanosecond), level: 1, file_size: 8661, available_indexes: [InvertedIndex], index_file_size: 2145, num_rows: 101, num_row_groups: 1, sequence: Some(78888) }], output: [FileMeta { region_id: 5647881994240(1315, 0), file_id: FileId(30356ae9-5c35-4252-b46a-2dd983f49700), time_range: (1737068400000000000::Nanosecond, 1737068400000000000::Nanosecond), level: 1, file_size: 8661, available_indexes: [InvertedIndex], index_file_size: 2145, num_rows: 101, num_row_groups: 1, sequence: Some(79292) }], window: Some(3600), waiter_num: 0, merge_time: 0.011722923s
2025-01-17T13:08:56.095344Z  INFO mito2::flush: Successfully update manifest version to 9, region: 5652176961536(1316, 0), reason: EngineFull
2025-01-17T13:08:56.096406Z  INFO mito2::worker::handle_flush: Region 5652176961536(1316, 0) flush finished, tries to bump wal to 797
2025-01-17T13:08:56.096430Z  INFO log_store::raft_engine::log_store: Namespace 5652176961536 obsoleted 5 entries, compacted index: 797, span: (Some(798), Some(798))
2025-01-17T13:08:56.096454Z  INFO mito2::compaction::twcs: Building compaction output, active window: Some(1737590400), current window: 1737590400, max runs: 4, found runs: 5, output size: 1, max output size: None, remove deletion markers: false
2025-01-17T13:08:56.096476Z  INFO mito2::compaction::compactor: Compaction region 5652176961536(1316, 0) output [f1cfe34f-d13a-4440-b967-f9085503d44b,5e3540a0-bf8b-45f5-a29b-a57300e9871e]-> 7be6b705-a7c2-4f2c-b79c-a2c9c61cc98e
2025-01-17T13:08:56.097438Z  INFO mito2::manifest::checkpointer: Start doing checkpoint for region 5647881994240(1315, 0), compacted version: [0, 10]
2025-01-17T13:08:56.097483Z  INFO mito2::request: Successfully compacted region: 5647881994240(1315, 0)
2025-01-17T13:08:56.097593Z  INFO mito2::sst::file_purger: Successfully deleted SST file, file_id: c1b687ae-06b0-4412-ba8e-031a7d53e9aa, region: 5647881994240(1315, 0)
2025-01-17T13:08:56.097593Z  INFO mito2::sst::file_purger: Successfully deleted SST file, file_id: 55dfd83a-4055-4565-91ee-b3d0328df319, region: 5647881994240(1315, 0)
2025-01-17T13:08:56.105585Z  INFO mito2::manifest::checkpointer: Checkpoint for region 5647881994240(1315, 0) success, version: 10
2025-01-17T13:08:56.107340Z  INFO mito2::compaction::task: Compacted SST files, region_id: 5656471928832(1317, 0), input: [FileMeta { region_id: 5656471928832(1317, 0), file_id: FileId(8f0da946-b814-42c2-86d6-ea639622a952), time_range: (1737061200000000000::Nanosecond, 1737147600000000000::Nanosecond), level: 0, file_size: 22930, available_indexes: [InvertedIndex], index_file_size: 6113, num_rows: 1224, num_row_groups: 1, sequence: Some(976370) }, FileMeta { region_id: 5656471928832(1317, 0), file_id: FileId(6f283a37-d5f7-469d-ada8-a612b7228230), time_range: (1737061200000000000::Nanosecond, 1737147600000000000::Nanosecond), level: 1, file_size: 23302, available_indexes: [InvertedIndex], index_file_size: 6112, num_rows: 1256, num_row_groups: 1, sequence: Some(964130) }], output: [FileMeta { region_id: 5656471928832(1317, 0), file_id: FileId(2fbe2fce-48d4-4aad-8f81-24ea8e6d3108), time_range: (1737061200000000000::Nanosecond, 1737147600000000000::Nanosecond), level: 1, file_size: 23298, available_indexes: [InvertedIndex], index_file_size: 6113, num_rows: 1256, num_row_groups: 1, sequence: Some(976370) }], window: Some(604800), waiter_num: 0, merge_time: 0.017550737s
2025-01-17T13:08:56.110014Z  INFO mito2::request: Successfully compacted region: 5656471928832(1317, 0)
2025-01-17T13:08:56.110128Z  INFO mito2::sst::file_purger: Successfully deleted SST file, file_id: 8f0da946-b814-42c2-86d6-ea639622a952, region: 5656471928832(1317, 0)
2025-01-17T13:08:56.110140Z  INFO mito2::sst::file_purger: Successfully deleted SST file, file_id: 6f283a37-d5f7-469d-ada8-a612b7228230, region: 5656471928832(1317, 0)
2025-01-17T13:08:56.115143Z  INFO mito2::compaction::task: Compacted SST files, region_id: 5652176961536(1316, 0), input: [FileMeta { region_id: 5652176961536(1316, 0), file_id: FileId(f1cfe34f-d13a-4440-b967-f9085503d44b), time_range: (1737061200000000000::Nanosecond, 1737147600000000000::Nanosecond), level: 0, file_size: 44092, available_indexes: [InvertedIndex], index_file_size: 6011, num_rows: 1222, num_row_groups: 1, sequence: Some(963754) }, FileMeta { region_id: 5652176961536(1316, 0), file_id: FileId(5e3540a0-bf8b-45f5-a29b-a57300e9871e), time_range: (1737061200000000000::Nanosecond, 1737147600000000000::Nanosecond), level: 1, file_size: 44430, available_indexes: [InvertedIndex], index_file_size: 6010, num_rows: 1245, num_row_groups: 1, sequence: Some(956422) }], output: [FileMeta { region_id: 5652176961536(1316, 0), file_id: FileId(7be6b705-a7c2-4f2c-b79c-a2c9c61cc98e), time_range: (1737061200000000000::Nanosecond, 1737147600000000000::Nanosecond), level: 1, file_size: 44428, available_indexes: [InvertedIndex], index_file_size: 6010, num_rows: 1245, num_row_groups: 1, sequence: Some(963754) }], window: Some(604800), waiter_num: 0, merge_time: 0.01866895s
2025-01-17T13:08:56.117633Z  INFO mito2::manifest::checkpointer: Start doing checkpoint for region 5652176961536(1316, 0), compacted version: [0, 10]
2025-01-17T13:08:56.117675Z  INFO mito2::request: Successfully compacted region: 5652176961536(1316, 0)
2025-01-17T13:08:56.117837Z  INFO mito2::sst::file_purger: Successfully deleted SST file, file_id: f1cfe34f-d13a-4440-b967-f9085503d44b, region: 5652176961536(1316, 0)
2025-01-17T13:08:56.117848Z  INFO mito2::sst::file_purger: Successfully deleted SST file, file_id: 5e3540a0-bf8b-45f5-a29b-a57300e9871e, region: 5652176961536(1316, 0)
2025-01-17T13:08:56.125188Z  INFO mito2::manifest::checkpointer: Checkpoint for region 5652176961536(1316, 0) success, version: 10
2025-01-17T13:08:57.082697Z  INFO mito2::flush: Successfully flush memtables, region: 5647881994240(1315, 0), reason: EngineFull, files: [FileId(479a95ba-cdc7-463a-89d7-4fc37581a6a3)], cost: 0.009066841s
2025-01-17T13:08:57.082711Z  INFO mito2::flush: Applying RegionEdit { files_to_add: [FileMeta { region_id: 5647881994240(1315, 0), file_id: FileId(479a95ba-cdc7-463a-89d7-4fc37581a6a3), time_range: (1737068400000000000::Nanosecond, 1737068400000000000::Nanosecond), level: 0, file_size: 8661, available_indexes: [InvertedIndex], index_file_size: 2145, num_rows: 101, num_row_groups: 1, sequence: Some(79393) }], files_to_remove: [], compaction_time_window: None, flushed_entry_id: Some(792), flushed_sequence: Some(79393) } to region 5647881994240(1315, 0)
2025-01-17T13:08:57.087695Z  INFO mito2::flush: Successfully update manifest version to 11, region: 5647881994240(1315, 0), reason: EngineFull
2025-01-17T13:08:57.087809Z  INFO mito2::worker::handle_flush: Region 5647881994240(1315, 0) flush finished, tries to bump wal to 792
2025-01-17T13:08:57.087825Z  INFO log_store::raft_engine::log_store: Namespace 5647881994240 obsoleted 1 entries, compacted index: 792, span: (Some(793), Some(794))
2025-01-17T13:08:57.087845Z  INFO mito2::compaction::twcs: Building compaction output, active window: Some(1737068400), current window: 1737068400, max runs: 4, found runs: 5, output size: 1, max output size: None, remove deletion markers: false
2025-01-17T13:08:57.087857Z  INFO mito2::compaction::compactor: Compaction region 5647881994240(1315, 0) output [479a95ba-cdc7-463a-89d7-4fc37581a6a3,30356ae9-5c35-4252-b46a-2dd983f49700]-> f2ac4aba-7fef-4cda-a322-6ac9ce18211a
2025-01-17T13:08:57.089853Z  INFO mito2::flush: Successfully flush memtables, region: 5656471928832(1317, 0), reason: EngineFull, files: [FileId(ce360c60-b5eb-4ba1-91ab-9f9be7e74d16)], cost: 0.016433587s
2025-01-17T13:08:57.089864Z  INFO mito2::flush: Applying RegionEdit { files_to_add: [FileMeta { region_id: 5656471928832(1317, 0), file_id: FileId(ce360c60-b5eb-4ba1-91ab-9f9be7e74d16), time_range: (1737061200000000000::Nanosecond, 1737147600000000000::Nanosecond), level: 0, file_size: 22930, available_indexes: [InvertedIndex], index_file_size: 6113, num_rows: 1224, num_row_groups: 1, sequence: Some(977594) }], files_to_remove: [], compaction_time_window: None, flushed_entry_id: Some(807), flushed_sequence: Some(977594) } to region 5656471928832(1317, 0)
2025-01-17T13:08:57.094036Z  INFO mito2::flush: Successfully update manifest version to 25, region: 5656471928832(1317, 0), reason: EngineFull
2025-01-17T13:08:57.094834Z  INFO mito2::worker::handle_flush: Region 5656471928832(1317, 0) flush finished, tries to bump wal to 807
2025-01-17T13:08:57.094861Z  INFO log_store::raft_engine::log_store: Namespace 5656471928832 obsoleted 1 entries, compacted index: 807, span: (Some(808), Some(808))
2025-01-17T13:08:57.094892Z  INFO mito2::compaction::twcs: Building compaction output, active window: Some(1737590400), current window: 1737590400, max runs: 4, found runs: 5, output size: 1, max output size: None, remove deletion markers: false
2025-01-17T13:08:57.094918Z  INFO mito2::compaction::compactor: Compaction region 5656471928832(1317, 0) output [ce360c60-b5eb-4ba1-91ab-9f9be7e74d16,2fbe2fce-48d4-4aad-8f81-24ea8e6d3108]-> c25d7b17-84cf-4f2c-bb78-3d2421159063
2025-01-17T13:08:57.096165Z  INFO mito2::flush: Successfully flush memtables, region: 5652176961536(1316, 0), reason: EngineFull, files: [FileId(e68f58e6-2a6d-467d-b4dd-23684a40f6db)], cost: 0.018194239s
2025-01-17T13:08:57.096177Z  INFO mito2::flush: Applying RegionEdit { files_to_add: [FileMeta { region_id: 5652176961536(1316, 0), file_id: FileId(e68f58e6-2a6d-467d-b4dd-23684a40f6db), time_range: (1737061200000000000::Nanosecond, 1737147600000000000::Nanosecond), level: 0, file_size: 44093, available_indexes: [InvertedIndex], index_file_size: 6011, num_rows: 1222, num_row_groups: 1, sequence: Some(964976) }], files_to_remove: [], compaction_time_window: None, flushed_entry_id: Some(798), flushed_sequence: Some(964976) } to region 5652176961536(1316, 0)
2025-01-17T13:08:57.098406Z  INFO mito2::compaction::task: Compacted SST files, region_id: 5647881994240(1315, 0), input: [FileMeta { region_id: 5647881994240(1315, 0), file_id: FileId(479a95ba-cdc7-463a-89d7-4fc37581a6a3), time_range: (1737068400000000000::Nanosecond, 1737068400000000000::Nanosecond), level: 0, file_size: 8661, available_indexes: [InvertedIndex], index_file_size: 2145, num_rows: 101, num_row_groups: 1, sequence: Some(79393) }, FileMeta { region_id: 5647881994240(1315, 0), file_id: FileId(30356ae9-5c35-4252-b46a-2dd983f49700), time_range: (1737068400000000000::Nanosecond, 1737068400000000000::Nanosecond), level: 1, file_size: 8661, available_indexes: [InvertedIndex], index_file_size: 2145, num_rows: 101, num_row_groups: 1, sequence: Some(79292) }], output: [FileMeta { region_id: 5647881994240(1315, 0), file_id: FileId(f2ac4aba-7fef-4cda-a322-6ac9ce18211a), time_range: (1737068400000000000::Nanosecond, 1737068400000000000::Nanosecond), level: 1, file_size: 8661, available_indexes: [InvertedIndex], index_file_size: 2145, num_rows: 101, num_row_groups: 1, sequence: Some(79393) }], window: Some(3600), waiter_num: 0, merge_time: 0.010549294s
2025-01-17T13:08:57.100862Z  INFO mito2::flush: Successfully update manifest version to 11, region: 5652176961536(1316, 0), reason: EngineFull
2025-01-17T13:08:57.102363Z  INFO mito2::worker::handle_flush: Region 5652176961536(1316, 0) flush finished, tries to bump wal to 798
2025-01-17T13:08:57.102405Z  INFO log_store::raft_engine::log_store: Namespace 5652176961536 obsoleted 1 entries, compacted index: 798, span: (Some(799), Some(799))
2025-01-17T13:08:57.102444Z  INFO mito2::compaction::twcs: Building compaction output, active window: Some(1737590400), current window: 1737590400, max runs: 4, found runs: 5, output size: 1, max output size: None, remove deletion markers: false
2025-01-17T13:08:57.102477Z  INFO mito2::compaction::compactor: Compaction region 5652176961536(1316, 0) output [e68f58e6-2a6d-467d-b4dd-23684a40f6db,7be6b705-a7c2-4f2c-b79c-a2c9c61cc98e]-> 7bff0bf7-f6ea-474e-ba08-6dfc905b0cdc
2025-01-17T13:08:57.103484Z  INFO mito2::request: Successfully compacted region: 5647881994240(1315, 0)
2025-01-17T13:08:57.103628Z  INFO mito2::sst::file_purger: Successfully deleted SST file, file_id: 479a95ba-cdc7-463a-89d7-4fc37581a6a3, region: 5647881994240(1315, 0)
2025-01-17T13:08:57.103646Z  INFO mito2::sst::file_purger: Successfully deleted SST file, file_id: 30356ae9-5c35-4252-b46a-2dd983f49700, region: 5647881994240(1315, 0)
2025-01-17T13:08:57.106111Z  INFO mito2::flush: Successfully flush memtables, region: 5643587026950(1314, 6), reason: EngineFull, files: [FileId(fcbe9a4d-9e21-4699-adaa-066ba86bb50b)], cost: 0.018374359s
2025-01-17T13:08:57.106127Z  INFO mito2::flush: Applying RegionEdit { files_to_add: [FileMeta { region_id: 5643587026950(1314, 6), file_id: FileId(fcbe9a4d-9e21-4699-adaa-066ba86bb50b), time_range: (1737062103196795000::Nanosecond, 1737148136228317000::Nanosecond), level: 0, file_size: 128867, available_indexes: [InvertedIndex], index_file_size: 1253, num_rows: 16740, num_row_groups: 1, sequence: Some(251500) }], files_to_remove: [], compaction_time_window: None, flushed_entry_id: Some(811), flushed_sequence: Some(251500) } to region 5643587026950(1314, 6)
2025-01-17T13:08:57.108627Z  INFO mito2::flush: Successfully update manifest version to 2, region: 5643587026950(1314, 6), reason: EngineFull
2025-01-17T13:08:57.109278Z  INFO mito2::worker::handle_flush: Region 5643587026950(1314, 6) flush finished, tries to bump wal to 811
2025-01-17T13:08:57.109309Z  INFO log_store::raft_engine::log_store: Namespace 5643587026950 obsoleted 54 entries, compacted index: 811, span: (None, None)
2025-01-17T13:08:57.109325Z  INFO mito2::compaction::twcs: Compaction window for region 5643587026950(1314, 6) is not present, inferring from files: 604800
2025-01-17T13:08:57.115902Z  INFO mito2::compaction::task: Compacted SST files, region_id: 5656471928832(1317, 0), input: [FileMeta { region_id: 5656471928832(1317, 0), file_id: FileId(ce360c60-b5eb-4ba1-91ab-9f9be7e74d16), time_range: (1737061200000000000::Nanosecond, 1737147600000000000::Nanosecond), level: 0, file_size: 22930, available_indexes: [InvertedIndex], index_file_size: 6113, num_rows: 1224, num_row_groups: 1, sequence: Some(977594) }, FileMeta { region_id: 5656471928832(1317, 0), file_id: FileId(2fbe2fce-48d4-4aad-8f81-24ea8e6d3108), time_range: (1737061200000000000::Nanosecond, 1737147600000000000::Nanosecond), level: 1, file_size: 23298, available_indexes: [InvertedIndex], index_file_size: 6113, num_rows: 1256, num_row_groups: 1, sequence: Some(976370) }], output: [FileMeta { region_id: 5656471928832(1317, 0), file_id: FileId(c25d7b17-84cf-4f2c-bb78-3d2421159063), time_range: (1737061200000000000::Nanosecond, 1737147600000000000::Nanosecond), level: 1, file_size: 23298, available_indexes: [InvertedIndex], index_file_size: 6112, num_rows: 1256, num_row_groups: 1, sequence: Some(977594) }], window: Some(604800), waiter_num: 0, merge_time: 0.020988766s
2025-01-17T13:08:57.119806Z  INFO mito2::request: Successfully compacted region: 5656471928832(1317, 0)
2025-01-17T13:08:57.119933Z  INFO mito2::sst::file_purger: Successfully deleted SST file, file_id: ce360c60-b5eb-4ba1-91ab-9f9be7e74d16, region: 5656471928832(1317, 0)
2025-01-17T13:08:57.119977Z  INFO mito2::sst::file_purger: Successfully deleted SST file, file_id: 2fbe2fce-48d4-4aad-8f81-24ea8e6d3108, region: 5656471928832(1317, 0)
2025-01-17T13:08:57.123903Z  INFO mito2::compaction::task: Compacted SST files, region_id: 5652176961536(1316, 0), input: [FileMeta { region_id: 5652176961536(1316, 0), file_id: FileId(e68f58e6-2a6d-467d-b4dd-23684a40f6db), time_range: (1737061200000000000::Nanosecond, 1737147600000000000::Nanosecond), level: 0, file_size: 44093, available_indexes: [InvertedIndex], index_file_size: 6011, num_rows: 1222, num_row_groups: 1, sequence: Some(964976) }, FileMeta { region_id: 5652176961536(1316, 0), file_id: FileId(7be6b705-a7c2-4f2c-b79c-a2c9c61cc98e), time_range: (1737061200000000000::Nanosecond, 1737147600000000000::Nanosecond), level: 1, file_size: 44428, available_indexes: [InvertedIndex], index_file_size: 6010, num_rows: 1245, num_row_groups: 1, sequence: Some(963754) }], output: [FileMeta { region_id: 5652176961536(1316, 0), file_id: FileId(7bff0bf7-f6ea-474e-ba08-6dfc905b0cdc), time_range: (1737061200000000000::Nanosecond, 1737147600000000000::Nanosecond), level: 1, file_size: 44428, available_indexes: [InvertedIndex], index_file_size: 6011, num_rows: 1245, num_row_groups: 1, sequence: Some(964976) }], window: Some(604800), waiter_num: 0, merge_time: 0.021430834s
2025-01-17T13:08:57.127113Z  INFO mito2::request: Successfully compacted region: 5652176961536(1316, 0)
2025-01-17T13:08:57.127281Z  INFO mito2::sst::file_purger: Successfully deleted SST file, file_id: e68f58e6-2a6d-467d-b4dd-23684a40f6db, region: 5652176961536(1316, 0)
2025-01-17T13:08:57.127295Z  INFO mito2::sst::file_purger: Successfully deleted SST file, file_id: 7be6b705-a7c2-4f2c-b79c-a2c9c61cc98e, region: 5652176961536(1316, 0)
2025-01-17T13:09:00.078753Z  INFO mito2::flush: Successfully flush memtables, region: 5647881994240(1315, 0), reason: EngineFull, files: [FileId(4c345c8c-10e0-478b-b1de-8d6293c86b4f)], cost: 0.010061755s
2025-01-17T13:09:00.078764Z  INFO mito2::flush: Applying RegionEdit { files_to_add: [FileMeta { region_id: 5647881994240(1315, 0), file_id: FileId(4c345c8c-10e0-478b-b1de-8d6293c86b4f), time_range: (1737068400000000000::Nanosecond, 1737068400000000000::Nanosecond), level: 0, file_size: 8661, available_indexes: [InvertedIndex], index_file_size: 2145, num_rows: 101, num_row_groups: 1, sequence: Some(79797) }], files_to_remove: [], compaction_time_window: None, flushed_entry_id: Some(796), flushed_sequence: Some(79797) } to region 5647881994240(1315, 0)
2025-01-17T13:09:00.082902Z  INFO mito2::flush: Successfully update manifest version to 13, region: 5647881994240(1315, 0), reason: EngineFull
2025-01-17T13:09:00.082987Z  INFO mito2::worker::handle_flush: Region 5647881994240(1315, 0) flush finished, tries to bump wal to 796
2025-01-17T13:09:00.082999Z  INFO log_store::raft_engine::log_store: Namespace 5647881994240 obsoleted 4 entries, compacted index: 796, span: (Some(797), Some(797))
2025-01-17T13:09:00.083025Z  INFO mito2::compaction::twcs: Building compaction output, active window: Some(1737068400), current window: 1737068400, max runs: 4, found runs: 5, output size: 1, max output size: None, remove deletion markers: false
2025-01-17T13:09:00.083042Z  INFO mito2::compaction::compactor: Compaction region 5647881994240(1315, 0) output [4c345c8c-10e0-478b-b1de-8d6293c86b4f,f2ac4aba-7fef-4cda-a322-6ac9ce18211a]-> a48884c8-f45e-4fbd-bd4e-79a028322a53
2025-01-17T13:09:00.085099Z  INFO mito2::flush: Successfully flush memtables, region: 5656471928832(1317, 0), reason: EngineFull, files: [FileId(94bbeac3-e061-4704-aa58-0d575ec0014f)], cost: 0.016644339s
2025-01-17T13:09:00.085112Z  INFO mito2::flush: Applying RegionEdit { files_to_add: [FileMeta { region_id: 5656471928832(1317, 0), file_id: FileId(94bbeac3-e061-4704-aa58-0d575ec0014f), time_range: (1737061200000000000::Nanosecond, 1737147600000000000::Nanosecond), level: 0, file_size: 22930, available_indexes: [InvertedIndex], index_file_size: 6112, num_rows: 1224, num_row_groups: 1, sequence: Some(981266) }], files_to_remove: [], compaction_time_window: None, flushed_entry_id: Some(810), flushed_sequence: Some(981266) } to region 5656471928832(1317, 0)
2025-01-17T13:09:00.087960Z  INFO mito2::flush: Successfully update manifest version to 27, region: 5656471928832(1317, 0), reason: EngineFull
2025-01-17T13:09:00.088458Z  INFO mito2::worker::handle_flush: Region 5656471928832(1317, 0) flush finished, tries to bump wal to 810
2025-01-17T13:09:00.088478Z  INFO log_store::raft_engine::log_store: Namespace 5656471928832 obsoleted 3 entries, compacted index: 810, span: (Some(811), Some(811))
2025-01-17T13:09:00.088503Z  INFO mito2::compaction::twcs: Building compaction output, active window: Some(1737590400), current window: 1737590400, max runs: 4, found runs: 5, output size: 1, max output size: None, remove deletion markers: false
2025-01-17T13:09:00.088524Z  INFO mito2::compaction::compactor: Compaction region 5656471928832(1317, 0) output [94bbeac3-e061-4704-aa58-0d575ec0014f,c25d7b17-84cf-4f2c-bb78-3d2421159063]-> 65cf140c-0b01-4bfd-bd43-4680aefecdb1
2025-01-17T13:09:00.090648Z  INFO mito2::flush: Successfully flush memtables, region: 5652176961536(1316, 0), reason: EngineFull, files: [FileId(6cda2e27-f325-4228-ae5a-acbe3475a1d9)], cost: 0.01879714s
2025-01-17T13:09:00.090661Z  INFO mito2::flush: Applying RegionEdit { files_to_add: [FileMeta { region_id: 5652176961536(1316, 0), file_id: FileId(6cda2e27-f325-4228-ae5a-acbe3475a1d9), time_range: (1737061200000000000::Nanosecond, 1737147600000000000::Nanosecond), level: 0, file_size: 44093, available_indexes: [InvertedIndex], index_file_size: 6011, num_rows: 1222, num_row_groups: 1, sequence: Some(967420) }], files_to_remove: [], compaction_time_window: None, flushed_entry_id: Some(800), flushed_sequence: Some(967420) } to region 5652176961536(1316, 0)
2025-01-17T13:09:00.093306Z  INFO mito2::flush: Successfully update manifest version to 13, region: 5652176961536(1316, 0), reason: EngineFull
2025-01-17T13:09:00.094396Z  INFO mito2::worker::handle_flush: Region 5652176961536(1316, 0) flush finished, tries to bump wal to 800
2025-01-17T13:09:00.094421Z  INFO log_store::raft_engine::log_store: Namespace 5652176961536 obsoleted 2 entries, compacted index: 800, span: (Some(801), Some(801))
2025-01-17T13:09:00.094447Z  INFO mito2::compaction::twcs: Building compaction output, active window: Some(1737590400), current window: 1737590400, max runs: 4, found runs: 5, output size: 1, max output size: None, remove deletion markers: false
2025-01-17T13:09:00.094470Z  INFO mito2::compaction::compactor: Compaction region 5652176961536(1316, 0) output [6cda2e27-f325-4228-ae5a-acbe3475a1d9,7bff0bf7-f6ea-474e-ba08-6dfc905b0cdc]-> 6aa33059-e9eb-4a6a-aef9-a6518b3b2032
2025-01-17T13:09:00.095494Z  INFO mito2::flush: Successfully flush memtables, region: 5643587026950(1314, 6), reason: EngineFull, files: [FileId(9a771213-101c-4e7c-9b7e-28b06f2c5833)], cost: 0.012554013s
2025-01-17T13:09:00.095500Z  INFO mito2::flush: Applying RegionEdit { files_to_add: [FileMeta { region_id: 5643587026950(1314, 6), file_id: FileId(9a771213-101c-4e7c-9b7e-28b06f2c5833), time_range: (1737062157249501000::Nanosecond, 1737148139242515000::Nanosecond), level: 0, file_size: 42396, available_indexes: [InvertedIndex], index_file_size: 971, num_rows: 930, num_row_groups: 1, sequence: Some(252430) }], files_to_remove: [], compaction_time_window: None, flushed_entry_id: Some(814), flushed_sequence: Some(252430) } to region 5643587026950(1314, 6)
2025-01-17T13:09:00.095516Z  INFO mito2::compaction::task: Compacted SST files, region_id: 5647881994240(1315, 0), input: [FileMeta { region_id: 5647881994240(1315, 0), file_id: FileId(4c345c8c-10e0-478b-b1de-8d6293c86b4f), time_range: (1737068400000000000::Nanosecond, 1737068400000000000::Nanosecond), level: 0, file_size: 8661, available_indexes: [InvertedIndex], index_file_size: 2145, num_rows: 101, num_row_groups: 1, sequence: Some(79797) }, FileMeta { region_id: 5647881994240(1315, 0), file_id: FileId(f2ac4aba-7fef-4cda-a322-6ac9ce18211a), time_range: (1737068400000000000::Nanosecond, 1737068400000000000::Nanosecond), level: 1, file_size: 8661, available_indexes: [InvertedIndex], index_file_size: 2145, num_rows: 101, num_row_groups: 1, sequence: Some(79393) }], output: [FileMeta { region_id: 5647881994240(1315, 0), file_id: FileId(a48884c8-f45e-4fbd-bd4e-79a028322a53), time_range: (1737068400000000000::Nanosecond, 1737068400000000000::Nanosecond), level: 1, file_size: 8661, available_indexes: [InvertedIndex], index_file_size: 2145, num_rows: 101, num_row_groups: 1, sequence: Some(79797) }], window: Some(3600), waiter_num: 0, merge_time: 0.012475894s
2025-01-17T13:09:00.097960Z  INFO mito2::flush: Successfully update manifest version to 3, region: 5643587026950(1314, 6), reason: EngineFull
2025-01-17T13:09:00.097991Z  INFO mito2::request: Successfully compacted region: 5647881994240(1315, 0)
2025-01-17T13:09:00.098133Z  INFO mito2::sst::file_purger: Successfully deleted SST file, file_id: f2ac4aba-7fef-4cda-a322-6ac9ce18211a, region: 5647881994240(1315, 0)
2025-01-17T13:09:00.098146Z  INFO mito2::sst::file_purger: Successfully deleted SST file, file_id: 4c345c8c-10e0-478b-b1de-8d6293c86b4f, region: 5647881994240(1315, 0)
2025-01-17T13:09:00.098157Z  INFO mito2::worker::handle_flush: Region 5643587026950(1314, 6) flush finished, tries to bump wal to 814
2025-01-17T13:09:00.098173Z  INFO log_store::raft_engine::log_store: Namespace 5643587026950 obsoleted 3 entries, compacted index: 814, span: (None, None)
2025-01-17T13:09:00.098183Z  INFO mito2::compaction::twcs: Compaction window for region 5643587026950(1314, 6) is not present, inferring from files: 604800
2025-01-17T13:09:00.107621Z  INFO mito2::compaction::task: Compacted SST files, region_id: 5656471928832(1317, 0), input: [FileMeta { region_id: 5656471928832(1317, 0), file_id: FileId(94bbeac3-e061-4704-aa58-0d575ec0014f), time_range: (1737061200000000000::Nanosecond, 1737147600000000000::Nanosecond), level: 0, file_size: 22930, available_indexes: [InvertedIndex], index_file_size: 6112, num_rows: 1224, num_row_groups: 1, sequence: Some(981266) }, FileMeta { region_id: 5656471928832(1317, 0), file_id: FileId(c25d7b17-84cf-4f2c-bb78-3d2421159063), time_range: (1737061200000000000::Nanosecond, 1737147600000000000::Nanosecond), level: 1, file_size: 23298, available_indexes: [InvertedIndex], index_file_size: 6112, num_rows: 1256, num_row_groups: 1, sequence: Some(977594) }], output: [FileMeta { region_id: 5656471928832(1317, 0), file_id: FileId(65cf140c-0b01-4bfd-bd43-4680aefecdb1), time_range: (1737061200000000000::Nanosecond, 1737147600000000000::Nanosecond), level: 1, file_size: 23298, available_indexes: [InvertedIndex], index_file_size: 6113, num_rows: 1256, num_row_groups: 1, sequence: Some(981266) }], window: Some(604800), waiter_num: 0, merge_time: 0.01909681s
2025-01-17T13:09:00.112328Z  INFO mito2::request: Successfully compacted region: 5656471928832(1317, 0)
2025-01-17T13:09:00.112470Z  INFO mito2::sst::file_purger: Successfully deleted SST file, file_id: 94bbeac3-e061-4704-aa58-0d575ec0014f, region: 5656471928832(1317, 0)
2025-01-17T13:09:00.112470Z  INFO mito2::sst::file_purger: Successfully deleted SST file, file_id: c25d7b17-84cf-4f2c-bb78-3d2421159063, region: 5656471928832(1317, 0)
2025-01-17T13:09:00.114956Z  INFO mito2::compaction::task: Compacted SST files, region_id: 5652176961536(1316, 0), input: [FileMeta { region_id: 5652176961536(1316, 0), file_id: FileId(6cda2e27-f325-4228-ae5a-acbe3475a1d9), time_range: (1737061200000000000::Nanosecond, 1737147600000000000::Nanosecond), level: 0, file_size: 44093, available_indexes: [InvertedIndex], index_file_size: 6011, num_rows: 1222, num_row_groups: 1, sequence: Some(967420) }, FileMeta { region_id: 5652176961536(1316, 0), file_id: FileId(7bff0bf7-f6ea-474e-ba08-6dfc905b0cdc), time_range: (1737061200000000000::Nanosecond, 1737147600000000000::Nanosecond), level: 1, file_size: 44428, available_indexes: [InvertedIndex], index_file_size: 6011, num_rows: 1245, num_row_groups: 1, sequence: Some(964976) }], output: [FileMeta { region_id: 5652176961536(1316, 0), file_id: FileId(6aa33059-e9eb-4a6a-aef9-a6518b3b2032), time_range: (1737061200000000000::Nanosecond, 1737147600000000000::Nanosecond), level: 1, file_size: 44436, available_indexes: [InvertedIndex], index_file_size: 6011, num_rows: 1245, num_row_groups: 1, sequence: Some(967420) }], window: Some(604800), waiter_num: 0, merge_time: 0.020489811s
2025-01-17T13:09:00.117541Z  INFO mito2::request: Successfully compacted region: 5652176961536(1316, 0)
2025-01-17T13:09:00.117632Z  INFO mito2::sst::file_purger: Successfully deleted SST file, file_id: 7bff0bf7-f6ea-474e-ba08-6dfc905b0cdc, region: 5652176961536(1316, 0)
2025-01-17T13:09:00.117640Z  INFO mito2::sst::file_purger: Successfully deleted SST file, file_id: 6cda2e27-f325-4228-ae5a-acbe3475a1d9, region: 5652176961536(1316, 0)
2025-01-17T13:09:01.504131Z  INFO mito2::flush: Successfully flush memtables, region: 5643587026951(1314, 7), reason: EngineFull, files: [FileId(6eff2eae-4aff-4991-8989-ff59dc1d56d5)], cost: 1.421186316s
2025-01-17T13:09:01.504149Z  INFO mito2::flush: Applying RegionEdit { files_to_add: [FileMeta { region_id: 5643587026951(1314, 7), file_id: FileId(6eff2eae-4aff-4991-8989-ff59dc1d56d5), time_range: (1737061045528513000::Nanosecond, 1737148139232973000::Nanosecond), level: 0, file_size: 12756324, available_indexes: [InvertedIndex], index_file_size: 500541, num_rows: 3459475, num_row_groups: 34, sequence: Some(3459475) }], files_to_remove: [], compaction_time_window: None, flushed_entry_id: Some(814), flushed_sequence: Some(3459475) } to region 5643587026951(1314, 7)
2025-01-17T13:09:01.507422Z  INFO mito2::flush: Successfully update manifest version to 1, region: 5643587026951(1314, 7), reason: EngineFull
2025-01-17T13:09:01.538564Z  INFO mito2::worker::handle_flush: Region 5643587026951(1314, 7) flush finished, tries to bump wal to 814
2025-01-17T13:09:01.538593Z  INFO log_store::raft_engine::log_store: Namespace 5643587026951 obsoleted 814 entries, compacted index: 814, span: (Some(815), Some(816))
2025-01-17T13:09:01.538607Z  INFO mito2::compaction::twcs: Compaction window for region 5643587026951(1314, 7) is not present, inferring from files: 604800
2025-01-17T13:18:43.096288Z  INFO mito2::flush: Successfully flush memtables, region: 5656471928832(1317, 0), reason: EngineFull, files: [FileId(66be9032-345b-4e6d-b17b-dcb9eda561ad)], cost: 0.030243735s
2025-01-17T13:18:43.096300Z  INFO mito2::flush: Applying RegionEdit { files_to_add: [FileMeta { region_id: 5656471928832(1317, 0), file_id: FileId(66be9032-345b-4e6d-b17b-dcb9eda561ad), time_range: (1737061200000000000::Nanosecond, 1737147600000000000::Nanosecond), level: 0, file_size: 24520, available_indexes: [InvertedIndex], index_file_size: 6113, num_rows: 1440, num_row_groups: 1, sequence: Some(1693634) }], files_to_remove: [], compaction_time_window: None, flushed_entry_id: Some(1392), flushed_sequence: Some(1693634) } to region 5656471928832(1317, 0)
2025-01-17T13:18:43.099122Z  INFO mito2::flush: Successfully update manifest version to 29, region: 5656471928832(1317, 0), reason: EngineFull
2025-01-17T13:18:43.100198Z  INFO mito2::worker::handle_flush: Region 5656471928832(1317, 0) flush finished, tries to bump wal to 1392
2025-01-17T13:18:43.100218Z  INFO log_store::raft_engine::log_store: Namespace 5656471928832 obsoleted 582 entries, compacted index: 1392, span: (Some(1393), Some(1393))
2025-01-17T13:18:43.100239Z  INFO mito2::compaction::twcs: Building compaction output, active window: Some(1737590400), current window: 1737590400, max runs: 4, found runs: 5, output size: 1, max output size: None, remove deletion markers: false
2025-01-17T13:18:43.100256Z  INFO mito2::compaction::compactor: Compaction region 5656471928832(1317, 0) output [146c0500-0080-4324-8de1-f5f560b3eb6a,65cf140c-0b01-4bfd-bd43-4680aefecdb1]-> 3ab8a1e6-79d1-42d6-a42b-0271fd0169c1
2025-01-17T13:18:43.116278Z  INFO mito2::compaction::task: Compacted SST files, region_id: 5656471928832(1317, 0), input: [FileMeta { region_id: 5656471928832(1317, 0), file_id: FileId(146c0500-0080-4324-8de1-f5f560b3eb6a), time_range: (1737061200000000000::Nanosecond, 1737147600000000000::Nanosecond), level: 1, file_size: 23311, available_indexes: [InvertedIndex], index_file_size: 6112, num_rows: 1256, num_row_groups: 1, sequence: Some(970250) }, FileMeta { region_id: 5656471928832(1317, 0), file_id: FileId(65cf140c-0b01-4bfd-bd43-4680aefecdb1), time_range: (1737061200000000000::Nanosecond, 1737147600000000000::Nanosecond), level: 1, file_size: 23298, available_indexes: [InvertedIndex], index_file_size: 6113, num_rows: 1256, num_row_groups: 1, sequence: Some(981266) }], output: [FileMeta { region_id: 5656471928832(1317, 0), file_id: FileId(3ab8a1e6-79d1-42d6-a42b-0271fd0169c1), time_range: (1737061200000000000::Nanosecond, 1737147600000000000::Nanosecond), level: 1, file_size: 23298, available_indexes: [InvertedIndex], index_file_size: 6113, num_rows: 1256, num_row_groups: 1, sequence: Some(981266) }], window: Some(604800), waiter_num: 0, merge_time: 0.01602484s
2025-01-17T13:18:43.119105Z  INFO mito2::manifest::checkpointer: Start doing checkpoint for region 5656471928832(1317, 0), compacted version: [21, 30]
2025-01-17T13:18:43.119143Z  INFO mito2::request: Successfully compacted region: 5656471928832(1317, 0)
2025-01-17T13:18:43.119344Z  INFO mito2::sst::file_purger: Successfully deleted SST file, file_id: 65cf140c-0b01-4bfd-bd43-4680aefecdb1, region: 5656471928832(1317, 0)
2025-01-17T13:18:43.119350Z  INFO mito2::sst::file_purger: Successfully deleted SST file, file_id: 146c0500-0080-4324-8de1-f5f560b3eb6a, region: 5656471928832(1317, 0)
2025-01-17T13:18:43.125741Z  INFO mito2::manifest::checkpointer: Checkpoint for region 5656471928832(1317, 0) success, version: 30
2025-01-17T13:19:17.083743Z  INFO mito2::flush: Successfully flush memtables, region: 5656471928832(1317, 0), reason: EngineFull, files: [FileId(64034f8a-ffb4-42a3-bf23-1b92c859687a)], cost: 0.017467662s
2025-01-17T13:19:17.083757Z  INFO mito2::flush: Applying RegionEdit { files_to_add: [FileMeta { region_id: 5656471928832(1317, 0), file_id: FileId(64034f8a-ffb4-42a3-bf23-1b92c859687a), time_range: (1737061200000000000::Nanosecond, 1737147600000000000::Nanosecond), level: 0, file_size: 23121, available_indexes: [InvertedIndex], index_file_size: 6112, num_rows: 1246, num_row_groups: 1, sequence: Some(1735250) }], files_to_remove: [], compaction_time_window: None, flushed_entry_id: Some(1426), flushed_sequence: Some(1735250) } to region 5656471928832(1317, 0)
2025-01-17T13:19:17.086479Z  INFO mito2::flush: Successfully update manifest version to 31, region: 5656471928832(1317, 0), reason: EngineFull
2025-01-17T13:19:17.087300Z  INFO mito2::worker::handle_flush: Region 5656471928832(1317, 0) flush finished, tries to bump wal to 1426
2025-01-17T13:19:17.087329Z  INFO log_store::raft_engine::log_store: Namespace 5656471928832 obsoleted 34 entries, compacted index: 1426, span: (Some(1427), Some(1427))
2025-01-17T13:19:17.087358Z  INFO mito2::compaction::twcs: Building compaction output, active window: Some(1737590400), current window: 1737590400, max runs: 4, found runs: 5, output size: 1, max output size: None, remove deletion markers: false
2025-01-17T13:19:17.087384Z  INFO mito2::compaction::compactor: Compaction region 5656471928832(1317, 0) output [64034f8a-ffb4-42a3-bf23-1b92c859687a,3ab8a1e6-79d1-42d6-a42b-0271fd0169c1]-> 87e92fcb-f904-4bf8-a87a-28c7baa7360b
2025-01-17T13:19:17.104428Z  INFO mito2::compaction::task: Compacted SST files, region_id: 5656471928832(1317, 0), input: [FileMeta { region_id: 5656471928832(1317, 0), file_id: FileId(64034f8a-ffb4-42a3-bf23-1b92c859687a), time_range: (1737061200000000000::Nanosecond, 1737147600000000000::Nanosecond), level: 0, file_size: 23121, available_indexes: [InvertedIndex], index_file_size: 6112, num_rows: 1246, num_row_groups: 1, sequence: Some(1735250) }, FileMeta { region_id: 5656471928832(1317, 0), file_id: FileId(3ab8a1e6-79d1-42d6-a42b-0271fd0169c1), time_range: (1737061200000000000::Nanosecond, 1737147600000000000::Nanosecond), level: 1, file_size: 23298, available_indexes: [InvertedIndex], index_file_size: 6113, num_rows: 1256, num_row_groups: 1, sequence: Some(981266) }], output: [FileMeta { region_id: 5656471928832(1317, 0), file_id: FileId(87e92fcb-f904-4bf8-a87a-28c7baa7360b), time_range: (1737061200000000000::Nanosecond, 1737147600000000000::Nanosecond), level: 1, file_size: 24750, available_indexes: [InvertedIndex], index_file_size: 6113, num_rows: 1494, num_row_groups: 1, sequence: Some(1735250) }], window: Some(604800), waiter_num: 0, merge_time: 0.017044979s
2025-01-17T13:19:17.107526Z  INFO mito2::request: Successfully compacted region: 5656471928832(1317, 0)
2025-01-17T13:19:17.107791Z  INFO mito2::sst::file_purger: Successfully deleted SST file, file_id: 3ab8a1e6-79d1-42d6-a42b-0271fd0169c1, region: 5656471928832(1317, 0)
2025-01-17T13:19:17.107795Z  INFO mito2::sst::file_purger: Successfully deleted SST file, file_id: 64034f8a-ffb4-42a3-bf23-1b92c859687a, region: 5656471928832(1317, 0)
2025-01-17T13:19:19.076418Z  INFO mito2::flush: Successfully flush memtables, region: 5647881994240(1315, 0), reason: EngineFull, files: [FileId(699c93ee-5abb-4fb9-921c-52fcb04f00c9)], cost: 0.01094363s
2025-01-17T13:19:19.076428Z  INFO mito2::flush: Applying RegionEdit { files_to_add: [FileMeta { region_id: 5647881994240(1315, 0), file_id: FileId(699c93ee-5abb-4fb9-921c-52fcb04f00c9), time_range: (1737068400000000000::Nanosecond, 1737068400000000000::Nanosecond), level: 0, file_size: 9031, available_indexes: [InvertedIndex], index_file_size: 2400, num_rows: 126, num_row_groups: 1, sequence: Some(143549) }], files_to_remove: [], compaction_time_window: None, flushed_entry_id: Some(1398), flushed_sequence: Some(143549) } to region 5647881994240(1315, 0)
2025-01-17T13:19:19.081822Z  INFO mito2::flush: Successfully update manifest version to 15, region: 5647881994240(1315, 0), reason: EngineFull
2025-01-17T13:19:19.084341Z  INFO mito2::flush: Successfully flush memtables, region: 5656471928832(1317, 0), reason: EngineFull, files: [FileId(938cab04-bce4-413d-86ae-0ce2e88ee0cd)], cost: 0.01907668s
2025-01-17T13:19:19.084350Z  INFO mito2::flush: Applying RegionEdit { files_to_add: [FileMeta { region_id: 5656471928832(1317, 0), file_id: FileId(938cab04-bce4-413d-86ae-0ce2e88ee0cd), time_range: (1737061200000000000::Nanosecond, 1737147600000000000::Nanosecond), level: 0, file_size: 22959, available_indexes: [InvertedIndex], index_file_size: 6113, num_rows: 1224, num_row_groups: 1, sequence: Some(1737698) }], files_to_remove: [], compaction_time_window: None, flushed_entry_id: Some(1428), flushed_sequence: Some(1737698) } to region 5656471928832(1317, 0)
2025-01-17T13:19:19.084603Z  INFO mito2::worker::handle_flush: Region 5647881994240(1315, 0) flush finished, tries to bump wal to 1398
2025-01-17T13:19:19.084631Z  INFO log_store::raft_engine::log_store: Namespace 5647881994240 obsoleted 602 entries, compacted index: 1398, span: (Some(1399), Some(1399))
2025-01-17T13:19:19.084659Z  INFO mito2::compaction::twcs: Building compaction output, active window: Some(1737068400), current window: 1737068400, max runs: 4, found runs: 5, output size: 1, max output size: None, remove deletion markers: false
2025-01-17T13:19:19.084683Z  INFO mito2::compaction::compactor: Compaction region 5647881994240(1315, 0) output [c4f0902d-7a43-425f-81bb-b90bc51e6934,a48884c8-f45e-4fbd-bd4e-79a028322a53]-> f71a8ef0-4b45-435d-b753-cc18ef188351
2025-01-17T13:19:19.087656Z  INFO mito2::flush: Successfully update manifest version to 33, region: 5656471928832(1317, 0), reason: EngineFull
2025-01-17T13:19:19.088274Z  INFO mito2::worker::handle_flush: Region 5656471928832(1317, 0) flush finished, tries to bump wal to 1428
2025-01-17T13:19:19.088293Z  INFO log_store::raft_engine::log_store: Namespace 5656471928832 obsoleted 2 entries, compacted index: 1428, span: (Some(1429), Some(1429))
2025-01-17T13:19:19.088314Z  INFO mito2::compaction::twcs: Building compaction output, active window: Some(1737590400), current window: 1737590400, max runs: 4, found runs: 5, output size: 1, max output size: None, remove deletion markers: false
2025-01-17T13:19:19.088329Z  INFO mito2::compaction::compactor: Compaction region 5656471928832(1317, 0) output [938cab04-bce4-413d-86ae-0ce2e88ee0cd,ce2009fa-bc80-4505-a1d9-db4e883d67f4]-> da5ecc09-f25f-46c6-9f2b-92c1d3537b20
2025-01-17T13:19:19.093334Z  INFO mito2::compaction::task: Compacted SST files, region_id: 5647881994240(1315, 0), input: [FileMeta { region_id: 5647881994240(1315, 0), file_id: FileId(c4f0902d-7a43-425f-81bb-b90bc51e6934), time_range: (1737068400000000000::Nanosecond, 1737068400000000000::Nanosecond), level: 0, file_size: 8685, available_indexes: [InvertedIndex], index_file_size: 2166, num_rows: 102, num_row_groups: 1, sequence: Some(74141) }, FileMeta { region_id: 5647881994240(1315, 0), file_id: FileId(a48884c8-f45e-4fbd-bd4e-79a028322a53), time_range: (1737068400000000000::Nanosecond, 1737068400000000000::Nanosecond), level: 1, file_size: 8661, available_indexes: [InvertedIndex], index_file_size: 2145, num_rows: 101, num_row_groups: 1, sequence: Some(79797) }], output: [FileMeta { region_id: 5647881994240(1315, 0), file_id: FileId(f71a8ef0-4b45-435d-b753-cc18ef188351), time_range: (1737068400000000000::Nanosecond, 1737068400000000000::Nanosecond), level: 1, file_size: 8685, available_indexes: [InvertedIndex], index_file_size: 2166, num_rows: 102, num_row_groups: 1, sequence: Some(79797) }], window: Some(3600), waiter_num: 0, merge_time: 0.008652608s
2025-01-17T13:19:19.096372Z  INFO mito2::request: Successfully compacted region: 5647881994240(1315, 0)
2025-01-17T13:19:19.096526Z  INFO mito2::sst::file_purger: Successfully deleted SST file, file_id: c4f0902d-7a43-425f-81bb-b90bc51e6934, region: 5647881994240(1315, 0)
2025-01-17T13:19:19.096527Z  INFO mito2::sst::file_purger: Successfully deleted SST file, file_id: a48884c8-f45e-4fbd-bd4e-79a028322a53, region: 5647881994240(1315, 0)
2025-01-17T13:19:19.105889Z  INFO mito2::compaction::task: Compacted SST files, region_id: 5656471928832(1317, 0), input: [FileMeta { region_id: 5656471928832(1317, 0), file_id: FileId(938cab04-bce4-413d-86ae-0ce2e88ee0cd), time_range: (1737061200000000000::Nanosecond, 1737147600000000000::Nanosecond), level: 0, file_size: 22959, available_indexes: [InvertedIndex], index_file_size: 6113, num_rows: 1224, num_row_groups: 1, sequence: Some(1737698) }, FileMeta { region_id: 5656471928832(1317, 0), file_id: FileId(ce2009fa-bc80-4505-a1d9-db4e883d67f4), time_range: (1737061200000000000::Nanosecond, 1737147600000000000::Nanosecond), level: 1, file_size: 23533, available_indexes: [InvertedIndex], index_file_size: 6112, num_rows: 1272, num_row_groups: 1, sequence: Some(969026) }], output: [FileMeta { region_id: 5656471928832(1317, 0), file_id: FileId(da5ecc09-f25f-46c6-9f2b-92c1d3537b20), time_range: (1737061200000000000::Nanosecond, 1737147600000000000::Nanosecond), level: 1, file_size: 24770, available_indexes: [InvertedIndex], index_file_size: 6112, num_rows: 1510, num_row_groups: 1, sequence: Some(1737698) }], window: Some(604800), waiter_num: 0, merge_time: 0.017558763s
2025-01-17T13:19:19.108530Z  INFO mito2::request: Successfully compacted region: 5656471928832(1317, 0)
2025-01-17T13:19:19.108718Z  INFO mito2::sst::file_purger: Successfully deleted SST file, file_id: ce2009fa-bc80-4505-a1d9-db4e883d67f4, region: 5656471928832(1317, 0)
2025-01-17T13:19:19.108723Z  INFO mito2::sst::file_purger: Successfully deleted SST file, file_id: 938cab04-bce4-413d-86ae-0ce2e88ee0cd, region: 5656471928832(1317, 0)
2025-01-17T13:19:24.076941Z  INFO mito2::flush: Successfully flush memtables, region: 5647881994240(1315, 0), reason: EngineFull, files: [FileId(61fac86e-f96e-4c00-92bc-0d8a3db54c33)], cost: 0.009784635s
2025-01-17T13:19:24.076952Z  INFO mito2::flush: Applying RegionEdit { files_to_add: [FileMeta { region_id: 5647881994240(1315, 0), file_id: FileId(61fac86e-f96e-4c00-92bc-0d8a3db54c33), time_range: (1737068400000000000::Nanosecond, 1737068400000000000::Nanosecond), level: 0, file_size: 8743, available_indexes: [InvertedIndex], index_file_size: 2207, num_rows: 107, num_row_groups: 1, sequence: Some(144084) }], files_to_remove: [], compaction_time_window: None, flushed_entry_id: Some(1403), flushed_sequence: Some(144084) } to region 5647881994240(1315, 0)
2025-01-17T13:19:24.082177Z  INFO mito2::flush: Successfully update manifest version to 17, region: 5647881994240(1315, 0), reason: EngineFull
2025-01-17T13:19:24.083227Z  INFO mito2::worker::handle_flush: Region 5647881994240(1315, 0) flush finished, tries to bump wal to 1403
2025-01-17T13:19:24.083243Z  INFO log_store::raft_engine::log_store: Namespace 5647881994240 obsoleted 5 entries, compacted index: 1403, span: (Some(1404), Some(1404))
2025-01-17T13:19:24.083263Z  INFO mito2::compaction::twcs: Building compaction output, active window: Some(1737068400), current window: 1737068400, max runs: 4, found runs: 5, output size: 1, max output size: None, remove deletion markers: false
2025-01-17T13:19:24.083276Z  INFO mito2::compaction::compactor: Compaction region 5647881994240(1315, 0) output [f71a8ef0-4b45-435d-b753-cc18ef188351,ff4b5c3e-b8f6-455c-87f8-e2fdcb998dd1]-> 00070ea8-9f31-4c09-96dc-190951009c91
2025-01-17T13:19:24.084694Z  INFO mito2::flush: Successfully flush memtables, region: 5656471928832(1317, 0), reason: EngineFull, files: [FileId(3f0e31d1-3e32-477e-b89e-2b6455fbcafa)], cost: 0.017751353s
2025-01-17T13:19:24.084706Z  INFO mito2::flush: Applying RegionEdit { files_to_add: [FileMeta { region_id: 5656471928832(1317, 0), file_id: FileId(3f0e31d1-3e32-477e-b89e-2b6455fbcafa), time_range: (1737061200000000000::Nanosecond, 1737147600000000000::Nanosecond), level: 0, file_size: 22960, available_indexes: [InvertedIndex], index_file_size: 6113, num_rows: 1224, num_row_groups: 1, sequence: Some(1743818) }], files_to_remove: [], compaction_time_window: None, flushed_entry_id: Some(1433), flushed_sequence: Some(1743818) } to region 5656471928832(1317, 0)
2025-01-17T13:19:24.087515Z  INFO mito2::flush: Successfully update manifest version to 35, region: 5656471928832(1317, 0), reason: EngineFull
2025-01-17T13:19:24.087994Z  INFO mito2::worker::handle_flush: Region 5656471928832(1317, 0) flush finished, tries to bump wal to 1433
2025-01-17T13:19:24.088016Z  INFO log_store::raft_engine::log_store: Namespace 5656471928832 obsoleted 5 entries, compacted index: 1433, span: (Some(1434), Some(1434))
2025-01-17T13:19:24.088039Z  INFO mito2::compaction::twcs: Building compaction output, active window: Some(1737590400), current window: 1737590400, max runs: 4, found runs: 5, output size: 1, max output size: None, remove deletion markers: false
2025-01-17T13:19:24.088057Z  INFO mito2::compaction::compactor: Compaction region 5656471928832(1317, 0) output [3f0e31d1-3e32-477e-b89e-2b6455fbcafa,66be9032-345b-4e6d-b17b-dcb9eda561ad]-> 5ca6e8b4-57b6-471f-a554-26c360b34d74
2025-01-17T13:19:24.093292Z  INFO mito2::compaction::task: Compacted SST files, region_id: 5647881994240(1315, 0), input: [FileMeta { region_id: 5647881994240(1315, 0), file_id: FileId(f71a8ef0-4b45-435d-b753-cc18ef188351), time_range: (1737068400000000000::Nanosecond, 1737068400000000000::Nanosecond), level: 1, file_size: 8685, available_indexes: [InvertedIndex], index_file_size: 2166, num_rows: 102, num_row_groups: 1, sequence: Some(79797) }, FileMeta { region_id: 5647881994240(1315, 0), file_id: FileId(ff4b5c3e-b8f6-455c-87f8-e2fdcb998dd1), time_range: (1737068400000000000::Nanosecond, 1737068400000000000::Nanosecond), level: 1, file_size: 8685, available_indexes: [InvertedIndex], index_file_size: 2166, num_rows: 102, num_row_groups: 1, sequence: Some(78181) }], output: [FileMeta { region_id: 5647881994240(1315, 0), file_id: FileId(00070ea8-9f31-4c09-96dc-190951009c91), time_range: (1737068400000000000::Nanosecond, 1737068400000000000::Nanosecond), level: 1, file_size: 8685, available_indexes: [InvertedIndex], index_file_size: 2166, num_rows: 102, num_row_groups: 1, sequence: Some(79797) }], window: Some(3600), waiter_num: 0, merge_time: 0.010016187s
2025-01-17T13:19:24.096025Z  INFO mito2::request: Successfully compacted region: 5647881994240(1315, 0)
2025-01-17T13:19:24.096146Z  INFO mito2::sst::file_purger: Successfully deleted SST file, file_id: f71a8ef0-4b45-435d-b753-cc18ef188351, region: 5647881994240(1315, 0)
2025-01-17T13:19:24.096173Z  INFO mito2::sst::file_purger: Successfully deleted SST file, file_id: ff4b5c3e-b8f6-455c-87f8-e2fdcb998dd1, region: 5647881994240(1315, 0)
2025-01-17T13:19:24.101169Z  INFO mito2::flush: Successfully flush memtables, region: 5652176961536(1316, 0), reason: EngineFull, files: [FileId(c71f8248-9887-433a-ae40-13967f75bd60)], cost: 0.030450352s
2025-01-17T13:19:24.101175Z  INFO mito2::flush: Applying RegionEdit { files_to_add: [FileMeta { region_id: 5652176961536(1316, 0), file_id: FileId(c71f8248-9887-433a-ae40-13967f75bd60), time_range: (1737061200000000000::Nanosecond, 1737147600000000000::Nanosecond), level: 0, file_size: 46370, available_indexes: [InvertedIndex], index_file_size: 6011, num_rows: 1455, num_row_groups: 1, sequence: Some(1720172) }], files_to_remove: [], compaction_time_window: None, flushed_entry_id: Some(1416), flushed_sequence: Some(1720172) } to region 5652176961536(1316, 0)
2025-01-17T13:19:24.105600Z  INFO mito2::flush: Successfully update manifest version to 15, region: 5652176961536(1316, 0), reason: EngineFull
2025-01-17T13:19:24.107150Z  INFO mito2::worker::handle_flush: Region 5652176961536(1316, 0) flush finished, tries to bump wal to 1416
2025-01-17T13:19:24.107172Z  INFO log_store::raft_engine::log_store: Namespace 5652176961536 obsoleted 616 entries, compacted index: 1416, span: (Some(1417), Some(1417))
2025-01-17T13:19:24.107190Z  INFO mito2::compaction::twcs: Building compaction output, active window: Some(1737590400), current window: 1737590400, max runs: 4, found runs: 5, output size: 1, max output size: None, remove deletion markers: false
2025-01-17T13:19:24.107203Z  INFO mito2::compaction::compactor: Compaction region 5652176961536(1316, 0) output [1ed6c9b8-ba11-418e-965a-d6f2015124b9,6aa33059-e9eb-4a6a-aef9-a6518b3b2032]-> e66c2bb3-7457-4c6a-baa5-5abfae3743fa
2025-01-17T13:19:24.108107Z  INFO mito2::compaction::task: Compacted SST files, region_id: 5656471928832(1317, 0), input: [FileMeta { region_id: 5656471928832(1317, 0), file_id: FileId(3f0e31d1-3e32-477e-b89e-2b6455fbcafa), time_range: (1737061200000000000::Nanosecond, 1737147600000000000::Nanosecond), level: 0, file_size: 22960, available_indexes: [InvertedIndex], index_file_size: 6113, num_rows: 1224, num_row_groups: 1, sequence: Some(1743818) }, FileMeta { region_id: 5656471928832(1317, 0), file_id: FileId(66be9032-345b-4e6d-b17b-dcb9eda561ad), time_range: (1737061200000000000::Nanosecond, 1737147600000000000::Nanosecond), level: 0, file_size: 24520, available_indexes: [InvertedIndex], index_file_size: 6113, num_rows: 1440, num_row_groups: 1, sequence: Some(1693634) }], output: [FileMeta { region_id: 5656471928832(1317, 0), file_id: FileId(5ca6e8b4-57b6-471f-a554-26c360b34d74), time_range: (1737061200000000000::Nanosecond, 1737147600000000000::Nanosecond), level: 1, file_size: 24391, available_indexes: [InvertedIndex], index_file_size: 6112, num_rows: 1462, num_row_groups: 1, sequence: Some(1743818) }], window: Some(604800), waiter_num: 0, merge_time: 0.020051204s
2025-01-17T13:19:24.111781Z  INFO mito2::request: Successfully compacted region: 5656471928832(1317, 0)
2025-01-17T13:19:24.111938Z  INFO mito2::sst::file_purger: Successfully deleted SST file, file_id: 66be9032-345b-4e6d-b17b-dcb9eda561ad, region: 5656471928832(1317, 0)
2025-01-17T13:19:24.111942Z  INFO mito2::sst::file_purger: Successfully deleted SST file, file_id: 3f0e31d1-3e32-477e-b89e-2b6455fbcafa, region: 5656471928832(1317, 0)
2025-01-17T13:19:24.125146Z  INFO mito2::compaction::task: Compacted SST files, region_id: 5652176961536(1316, 0), input: [FileMeta { region_id: 5652176961536(1316, 0), file_id: FileId(1ed6c9b8-ba11-418e-965a-d6f2015124b9), time_range: (1737061200000000000::Nanosecond, 1737147600000000000::Nanosecond), level: 0, file_size: 44433, available_indexes: [InvertedIndex], index_file_size: 6011, num_rows: 1245, num_row_groups: 1, sequence: Some(951534) }, FileMeta { region_id: 5652176961536(1316, 0), file_id: FileId(6aa33059-e9eb-4a6a-aef9-a6518b3b2032), time_range: (1737061200000000000::Nanosecond, 1737147600000000000::Nanosecond), level: 1, file_size: 44436, available_indexes: [InvertedIndex], index_file_size: 6011, num_rows: 1245, num_row_groups: 1, sequence: Some(967420) }], output: [FileMeta { region_id: 5652176961536(1316, 0), file_id: FileId(e66c2bb3-7457-4c6a-baa5-5abfae3743fa), time_range: (1737061200000000000::Nanosecond, 1737147600000000000::Nanosecond), level: 1, file_size: 44436, available_indexes: [InvertedIndex], index_file_size: 6011, num_rows: 1245, num_row_groups: 1, sequence: Some(967420) }], window: Some(604800), waiter_num: 0, merge_time: 0.017943991s
2025-01-17T13:19:24.127860Z  INFO mito2::request: Successfully compacted region: 5652176961536(1316, 0)
2025-01-17T13:19:24.128118Z  INFO mito2::sst::file_purger: Successfully deleted SST file, file_id: 1ed6c9b8-ba11-418e-965a-d6f2015124b9, region: 5652176961536(1316, 0)
2025-01-17T13:19:24.128133Z  INFO mito2::sst::file_purger: Successfully deleted SST file, file_id: 6aa33059-e9eb-4a6a-aef9-a6518b3b2032, region: 5652176961536(1316, 0)
2025-01-17T13:20:21.089115Z  INFO mito2::flush: Successfully flush memtables, region: 5656471928832(1317, 0), reason: EngineFull, files: [FileId(fafe6ec5-ed74-424a-886e-d2b12bd622c5)], cost: 0.025759177s
2025-01-17T13:20:21.089139Z  INFO mito2::flush: Applying RegionEdit { files_to_add: [FileMeta { region_id: 5656471928832(1317, 0), file_id: FileId(fafe6ec5-ed74-424a-886e-d2b12bd622c5), time_range: (1737061200000000000::Nanosecond, 1737147600000000000::Nanosecond), level: 0, file_size: 23180, available_indexes: [InvertedIndex], index_file_size: 6113, num_rows: 1251, num_row_groups: 1, sequence: Some(1808690) }], files_to_remove: [], compaction_time_window: None, flushed_entry_id: Some(1486), flushed_sequence: Some(1808690) } to region 5656471928832(1317, 0)
2025-01-17T13:20:21.092581Z  INFO mito2::flush: Successfully update manifest version to 37, region: 5656471928832(1317, 0), reason: EngineFull
2025-01-17T13:20:21.095947Z  INFO mito2::worker::handle_flush: Region 5656471928832(1317, 0) flush finished, tries to bump wal to 1486
2025-01-17T13:20:21.096012Z  INFO log_store::raft_engine::log_store: Namespace 5656471928832 obsoleted 53 entries, compacted index: 1486, span: (Some(1487), Some(1487))
2025-01-17T13:20:21.096061Z  INFO mito2::compaction::twcs: Building compaction output, active window: Some(1737590400), current window: 1737590400, max runs: 4, found runs: 5, output size: 1, max output size: None, remove deletion markers: false
2025-01-17T13:20:21.096097Z  INFO mito2::compaction::compactor: Compaction region 5656471928832(1317, 0) output [fafe6ec5-ed74-424a-886e-d2b12bd622c5,5ca6e8b4-57b6-471f-a554-26c360b34d74]-> 17e53745-07cc-405e-bf84-edf2dafd98fb
2025-01-17T13:20:21.121280Z  INFO mito2::compaction::task: Compacted SST files, region_id: 5656471928832(1317, 0), input: [FileMeta { region_id: 5656471928832(1317, 0), file_id: FileId(fafe6ec5-ed74-424a-886e-d2b12bd622c5), time_range: (1737061200000000000::Nanosecond, 1737147600000000000::Nanosecond), level: 0, file_size: 23180, available_indexes: [InvertedIndex], index_file_size: 6113, num_rows: 1251, num_row_groups: 1, sequence: Some(1808690) }, FileMeta { region_id: 5656471928832(1317, 0), file_id: FileId(5ca6e8b4-57b6-471f-a554-26c360b34d74), time_range: (1737061200000000000::Nanosecond, 1737147600000000000::Nanosecond), level: 1, file_size: 24391, available_indexes: [InvertedIndex], index_file_size: 6112, num_rows: 1462, num_row_groups: 1, sequence: Some(1743818) }], output: [FileMeta { region_id: 5656471928832(1317, 0), file_id: FileId(17e53745-07cc-405e-bf84-edf2dafd98fb), time_range: (1737061200000000000::Nanosecond, 1737147600000000000::Nanosecond), level: 1, file_size: 24713, available_indexes: [InvertedIndex], index_file_size: 6112, num_rows: 1489, num_row_groups: 1, sequence: Some(1808690) }], window: Some(604800), waiter_num: 0, merge_time: 0.025185132s
2025-01-17T13:20:21.124170Z  INFO mito2::request: Successfully compacted region: 5656471928832(1317, 0)
2025-01-17T13:20:21.124486Z  INFO mito2::sst::file_purger: Successfully deleted SST file, file_id: fafe6ec5-ed74-424a-886e-d2b12bd622c5, region: 5656471928832(1317, 0)
2025-01-17T13:20:21.124520Z  INFO mito2::sst::file_purger: Successfully deleted SST file, file_id: 5ca6e8b4-57b6-471f-a554-26c360b34d74, region: 5656471928832(1317, 0)
2025-01-17T13:20:24.072444Z  INFO mito2::flush: Successfully flush memtables, region: 5647881994240(1315, 0), reason: EngineFull, files: [FileId(17fe7faf-797d-4a31-bfc6-46c24c6afa0b)], cost: 0.009766667s
2025-01-17T13:20:24.072457Z  INFO mito2::flush: Applying RegionEdit { files_to_add: [FileMeta { region_id: 5647881994240(1315, 0), file_id: FileId(17fe7faf-797d-4a31-bfc6-46c24c6afa0b), time_range: (1737068400000000000::Nanosecond, 1737068400000000000::Nanosecond), level: 0, file_size: 8815, available_indexes: [InvertedIndex], index_file_size: 2237, num_rows: 109, num_row_groups: 1, sequence: Some(149606) }], files_to_remove: [], compaction_time_window: None, flushed_entry_id: Some(1455), flushed_sequence: Some(149606) } to region 5647881994240(1315, 0)
2025-01-17T13:20:24.075355Z  INFO mito2::flush: Successfully update manifest version to 19, region: 5647881994240(1315, 0), reason: EngineFull
2025-01-17T13:20:24.075510Z  INFO mito2::worker::handle_flush: Region 5647881994240(1315, 0) flush finished, tries to bump wal to 1455
2025-01-17T13:20:24.075533Z  INFO log_store::raft_engine::log_store: Namespace 5647881994240 obsoleted 52 entries, compacted index: 1455, span: (Some(1456), Some(1456))
2025-01-17T13:20:24.075558Z  INFO mito2::compaction::twcs: Building compaction output, active window: Some(1737068400), current window: 1737068400, max runs: 4, found runs: 5, output size: 1, max output size: None, remove deletion markers: false
2025-01-17T13:20:24.075577Z  INFO mito2::compaction::compactor: Compaction region 5647881994240(1315, 0) output [61fac86e-f96e-4c00-92bc-0d8a3db54c33,00070ea8-9f31-4c09-96dc-190951009c91]-> 45219f22-9830-4feb-a51e-8707c0e28988
2025-01-17T13:20:24.080967Z  INFO mito2::flush: Successfully flush memtables, region: 5656471928832(1317, 0), reason: EngineFull, files: [FileId(59dd7658-3c86-4dfb-99bd-6a88c34c4d63)], cost: 0.018617665s
2025-01-17T13:20:24.080980Z  INFO mito2::flush: Applying RegionEdit { files_to_add: [FileMeta { region_id: 5656471928832(1317, 0), file_id: FileId(59dd7658-3c86-4dfb-99bd-6a88c34c4d63), time_range: (1737061200000000000::Nanosecond, 1737147600000000000::Nanosecond), level: 0, file_size: 23006, available_indexes: [InvertedIndex], index_file_size: 6112, num_rows: 1224, num_row_groups: 1, sequence: Some(1811257) }], files_to_remove: [], compaction_time_window: None, flushed_entry_id: Some(1489), flushed_sequence: Some(1811257) } to region 5656471928832(1317, 0)
2025-01-17T13:20:24.086177Z  INFO mito2::flush: Successfully update manifest version to 39, region: 5656471928832(1317, 0), reason: EngineFull
2025-01-17T13:20:24.086940Z  INFO mito2::worker::handle_flush: Region 5656471928832(1317, 0) flush finished, tries to bump wal to 1489
2025-01-17T13:20:24.086968Z  INFO log_store::raft_engine::log_store: Namespace 5656471928832 obsoleted 3 entries, compacted index: 1489, span: (Some(1490), Some(1490))
2025-01-17T13:20:24.086994Z  INFO mito2::compaction::twcs: Building compaction output, active window: Some(1737590400), current window: 1737590400, max runs: 4, found runs: 5, output size: 1, max output size: None, remove deletion markers: false
2025-01-17T13:20:24.087015Z  INFO mito2::compaction::compactor: Compaction region 5656471928832(1317, 0) output [59dd7658-3c86-4dfb-99bd-6a88c34c4d63,17e53745-07cc-405e-bf84-edf2dafd98fb]-> 454ff27f-c5dd-4fca-a81e-9fe716704a51
2025-01-17T13:20:24.088535Z  INFO mito2::compaction::task: Compacted SST files, region_id: 5647881994240(1315, 0), input: [FileMeta { region_id: 5647881994240(1315, 0), file_id: FileId(61fac86e-f96e-4c00-92bc-0d8a3db54c33), time_range: (1737068400000000000::Nanosecond, 1737068400000000000::Nanosecond), level: 0, file_size: 8743, available_indexes: [InvertedIndex], index_file_size: 2207, num_rows: 107, num_row_groups: 1, sequence: Some(144084) }, FileMeta { region_id: 5647881994240(1315, 0), file_id: FileId(00070ea8-9f31-4c09-96dc-190951009c91), time_range: (1737068400000000000::Nanosecond, 1737068400000000000::Nanosecond), level: 1, file_size: 8685, available_indexes: [InvertedIndex], index_file_size: 2166, num_rows: 102, num_row_groups: 1, sequence: Some(79797) }], output: [FileMeta { region_id: 5647881994240(1315, 0), file_id: FileId(45219f22-9830-4feb-a51e-8707c0e28988), time_range: (1737068400000000000::Nanosecond, 1737068400000000000::Nanosecond), level: 1, file_size: 8981, available_indexes: [InvertedIndex], index_file_size: 2423, num_rows: 127, num_row_groups: 1, sequence: Some(144084) }], window: Some(3600), waiter_num: 0, merge_time: 0.012959503s
2025-01-17T13:20:24.091514Z  INFO mito2::manifest::checkpointer: Start doing checkpoint for region 5647881994240(1315, 0), compacted version: [11, 20]
2025-01-17T13:20:24.091560Z  INFO mito2::request: Successfully compacted region: 5647881994240(1315, 0)
2025-01-17T13:20:24.091775Z  INFO mito2::sst::file_purger: Successfully deleted SST file, file_id: 61fac86e-f96e-4c00-92bc-0d8a3db54c33, region: 5647881994240(1315, 0)
2025-01-17T13:20:24.091778Z  INFO mito2::sst::file_purger: Successfully deleted SST file, file_id: 00070ea8-9f31-4c09-96dc-190951009c91, region: 5647881994240(1315, 0)
2025-01-17T13:20:24.097282Z  INFO mito2::manifest::checkpointer: Checkpoint for region 5647881994240(1315, 0) success, version: 20
2025-01-17T13:20:24.105495Z  INFO mito2::compaction::task: Compacted SST files, region_id: 5656471928832(1317, 0), input: [FileMeta { region_id: 5656471928832(1317, 0), file_id: FileId(59dd7658-3c86-4dfb-99bd-6a88c34c4d63), time_range: (1737061200000000000::Nanosecond, 1737147600000000000::Nanosecond), level: 0, file_size: 23006, available_indexes: [InvertedIndex], index_file_size: 6112, num_rows: 1224, num_row_groups: 1, sequence: Some(1811257) }, FileMeta { region_id: 5656471928832(1317, 0), file_id: FileId(17e53745-07cc-405e-bf84-edf2dafd98fb), time_range: (1737061200000000000::Nanosecond, 1737147600000000000::Nanosecond), level: 1, file_size: 24713, available_indexes: [InvertedIndex], index_file_size: 6112, num_rows: 1489, num_row_groups: 1, sequence: Some(1808690) }], output: [FileMeta { region_id: 5656471928832(1317, 0), file_id: FileId(454ff27f-c5dd-4fca-a81e-9fe716704a51), time_range: (1737061200000000000::Nanosecond, 1737147600000000000::Nanosecond), level: 1, file_size: 24746, available_indexes: [InvertedIndex], index_file_size: 6112, num_rows: 1489, num_row_groups: 1, sequence: Some(1811257) }], window: Some(604800), waiter_num: 0, merge_time: 0.018483031s
2025-01-17T13:20:24.108887Z  INFO mito2::manifest::checkpointer: Start doing checkpoint for region 5656471928832(1317, 0), compacted version: [31, 40]
2025-01-17T13:20:24.108940Z  INFO mito2::request: Successfully compacted region: 5656471928832(1317, 0)
2025-01-17T13:20:24.109133Z  INFO mito2::sst::file_purger: Successfully deleted SST file, file_id: 17e53745-07cc-405e-bf84-edf2dafd98fb, region: 5656471928832(1317, 0)
2025-01-17T13:20:24.109140Z  INFO mito2::sst::file_purger: Successfully deleted SST file, file_id: 59dd7658-3c86-4dfb-99bd-6a88c34c4d63, region: 5656471928832(1317, 0)
2025-01-17T13:20:24.115809Z  INFO mito2::manifest::checkpointer: Checkpoint for region 5656471928832(1317, 0) success, version: 40
2025-01-17T13:20:25.072281Z  INFO mito2::flush: Successfully flush memtables, region: 5647881994240(1315, 0), reason: EngineFull, files: [FileId(e1d47100-9636-47af-a7b9-84ed489444ee)], cost: 0.009626533s
2025-01-17T13:20:25.072305Z  INFO mito2::flush: Applying RegionEdit { files_to_add: [FileMeta { region_id: 5647881994240(1315, 0), file_id: FileId(e1d47100-9636-47af-a7b9-84ed489444ee), time_range: (1737068400000000000::Nanosecond, 1737068400000000000::Nanosecond), level: 0, file_size: 8704, available_indexes: [InvertedIndex], index_file_size: 2189, num_rows: 104, num_row_groups: 1, sequence: Some(149710) }], files_to_remove: [], compaction_time_window: None, flushed_entry_id: Some(1456), flushed_sequence: Some(149710) } to region 5647881994240(1315, 0)
2025-01-17T13:20:25.075130Z  INFO mito2::flush: Successfully update manifest version to 21, region: 5647881994240(1315, 0), reason: EngineFull
2025-01-17T13:20:25.076054Z  INFO mito2::worker::handle_flush: Region 5647881994240(1315, 0) flush finished, tries to bump wal to 1456
2025-01-17T13:20:25.076088Z  INFO log_store::raft_engine::log_store: Namespace 5647881994240 obsoleted 1 entries, compacted index: 1456, span: (Some(1457), Some(1457))
2025-01-17T13:20:25.076124Z  INFO mito2::compaction::twcs: Building compaction output, active window: Some(1737068400), current window: 1737068400, max runs: 4, found runs: 5, output size: 1, max output size: None, remove deletion markers: false
2025-01-17T13:20:25.076161Z  INFO mito2::compaction::compactor: Compaction region 5647881994240(1315, 0) output [17fe7faf-797d-4a31-bfc6-46c24c6afa0b,e1d47100-9636-47af-a7b9-84ed489444ee]-> c84de56d-49ca-4f95-bac3-0349cfa7c360
2025-01-17T13:20:25.080671Z  INFO mito2::flush: Successfully flush memtables, region: 5656471928832(1317, 0), reason: EngineFull, files: [FileId(6fa5d40b-a314-456c-a6a3-458fdf55665b)], cost: 0.018354185s
2025-01-17T13:20:25.080693Z  INFO mito2::flush: Applying RegionEdit { files_to_add: [FileMeta { region_id: 5656471928832(1317, 0), file_id: FileId(6fa5d40b-a314-456c-a6a3-458fdf55665b), time_range: (1737061200000000000::Nanosecond, 1737147600000000000::Nanosecond), level: 0, file_size: 23039, available_indexes: [InvertedIndex], index_file_size: 6112, num_rows: 1224, num_row_groups: 1, sequence: Some(1812481) }], files_to_remove: [], compaction_time_window: None, flushed_entry_id: Some(1490), flushed_sequence: Some(1812481) } to region 5656471928832(1317, 0)
2025-01-17T13:20:25.085431Z  INFO mito2::flush: Successfully update manifest version to 41, region: 5656471928832(1317, 0), reason: EngineFull
2025-01-17T13:20:25.086284Z  INFO mito2::worker::handle_flush: Region 5656471928832(1317, 0) flush finished, tries to bump wal to 1490
2025-01-17T13:20:25.086323Z  INFO log_store::raft_engine::log_store: Namespace 5656471928832 obsoleted 1 entries, compacted index: 1490, span: (Some(1491), Some(1491))
2025-01-17T13:20:25.086361Z  INFO mito2::compaction::twcs: Building compaction output, active window: Some(1737590400), current window: 1737590400, max runs: 4, found runs: 5, output size: 1, max output size: None, remove deletion markers: false
2025-01-17T13:20:25.086398Z  INFO mito2::compaction::compactor: Compaction region 5656471928832(1317, 0) output [6fa5d40b-a314-456c-a6a3-458fdf55665b,454ff27f-c5dd-4fca-a81e-9fe716704a51]-> c6af6e27-e0a1-4ac4-83c2-520ef95a4e4f
2025-01-17T13:20:25.087675Z  INFO mito2::compaction::task: Compacted SST files, region_id: 5647881994240(1315, 0), input: [FileMeta { region_id: 5647881994240(1315, 0), file_id: FileId(17fe7faf-797d-4a31-bfc6-46c24c6afa0b), time_range: (1737068400000000000::Nanosecond, 1737068400000000000::Nanosecond), level: 0, file_size: 8815, available_indexes: [InvertedIndex], index_file_size: 2237, num_rows: 109, num_row_groups: 1, sequence: Some(149606) }, FileMeta { region_id: 5647881994240(1315, 0), file_id: FileId(e1d47100-9636-47af-a7b9-84ed489444ee), time_range: (1737068400000000000::Nanosecond, 1737068400000000000::Nanosecond), level: 0, file_size: 8704, available_indexes: [InvertedIndex], index_file_size: 2189, num_rows: 104, num_row_groups: 1, sequence: Some(149710) }], output: [FileMeta { region_id: 5647881994240(1315, 0), file_id: FileId(c84de56d-49ca-4f95-bac3-0349cfa7c360), time_range: (1737068400000000000::Nanosecond, 1737068400000000000::Nanosecond), level: 1, file_size: 8815, available_indexes: [InvertedIndex], index_file_size: 2238, num_rows: 109, num_row_groups: 1, sequence: Some(149710) }], window: Some(3600), waiter_num: 0, merge_time: 0.011516175s
2025-01-17T13:20:25.090549Z  INFO mito2::request: Successfully compacted region: 5647881994240(1315, 0)
2025-01-17T13:20:25.090731Z  INFO mito2::sst::file_purger: Successfully deleted SST file, file_id: e1d47100-9636-47af-a7b9-84ed489444ee, region: 5647881994240(1315, 0)
2025-01-17T13:20:25.090739Z  INFO mito2::sst::file_purger: Successfully deleted SST file, file_id: 17fe7faf-797d-4a31-bfc6-46c24c6afa0b, region: 5647881994240(1315, 0)
2025-01-17T13:20:25.096354Z  INFO mito2::flush: Successfully flush memtables, region: 5652176961536(1316, 0), reason: EngineFull, files: [FileId(9389bedf-3049-4fcb-9e8d-57a802cfdbf1)], cost: 0.031620133s
2025-01-17T13:20:25.096370Z  INFO mito2::flush: Applying RegionEdit { files_to_add: [FileMeta { region_id: 5652176961536(1316, 0), file_id: FileId(9389bedf-3049-4fcb-9e8d-57a802cfdbf1), time_range: (1737061200000000000::Nanosecond, 1737147600000000000::Nanosecond), level: 0, file_size: 44675, available_indexes: [InvertedIndex], index_file_size: 6010, num_rows: 1246, num_row_groups: 1, sequence: Some(1786288) }], files_to_remove: [], compaction_time_window: None, flushed_entry_id: Some(1471), flushed_sequence: Some(1786288) } to region 5652176961536(1316, 0)
2025-01-17T13:20:25.098917Z  INFO mito2::flush: Successfully update manifest version to 17, region: 5652176961536(1316, 0), reason: EngineFull
2025-01-17T13:20:25.100582Z  INFO mito2::worker::handle_flush: Region 5652176961536(1316, 0) flush finished, tries to bump wal to 1471
2025-01-17T13:20:25.100626Z  INFO log_store::raft_engine::log_store: Namespace 5652176961536 obsoleted 55 entries, compacted index: 1471, span: (Some(1472), Some(1472))
2025-01-17T13:20:25.100668Z  INFO mito2::compaction::twcs: Building compaction output, active window: Some(1737590400), current window: 1737590400, max runs: 4, found runs: 5, output size: 1, max output size: None, remove deletion markers: false
2025-01-17T13:20:25.100702Z  INFO mito2::compaction::compactor: Compaction region 5652176961536(1316, 0) output [e66c2bb3-7457-4c6a-baa5-5abfae3743fa,082d63d1-9ee2-4b7c-b364-537877799958]-> f0b2bb29-8030-4d3a-a3b4-dc08bf281de1
2025-01-17T13:20:25.112884Z  INFO mito2::compaction::task: Compacted SST files, region_id: 5656471928832(1317, 0), input: [FileMeta { region_id: 5656471928832(1317, 0), file_id: FileId(6fa5d40b-a314-456c-a6a3-458fdf55665b), time_range: (1737061200000000000::Nanosecond, 1737147600000000000::Nanosecond), level: 0, file_size: 23039, available_indexes: [InvertedIndex], index_file_size: 6112, num_rows: 1224, num_row_groups: 1, sequence: Some(1812481) }, FileMeta { region_id: 5656471928832(1317, 0), file_id: FileId(454ff27f-c5dd-4fca-a81e-9fe716704a51), time_range: (1737061200000000000::Nanosecond, 1737147600000000000::Nanosecond), level: 1, file_size: 24746, available_indexes: [InvertedIndex], index_file_size: 6112, num_rows: 1489, num_row_groups: 1, sequence: Some(1811257) }], output: [FileMeta { region_id: 5656471928832(1317, 0), file_id: FileId(c6af6e27-e0a1-4ac4-83c2-520ef95a4e4f), time_range: (1737061200000000000::Nanosecond, 1737147600000000000::Nanosecond), level: 1, file_size: 24767, available_indexes: [InvertedIndex], index_file_size: 6113, num_rows: 1489, num_row_groups: 1, sequence: Some(1812481) }], window: Some(604800), waiter_num: 0, merge_time: 0.026488135s
2025-01-17T13:20:25.115530Z  INFO mito2::request: Successfully compacted region: 5656471928832(1317, 0)
2025-01-17T13:20:25.115752Z  INFO mito2::sst::file_purger: Successfully deleted SST file, file_id: 454ff27f-c5dd-4fca-a81e-9fe716704a51, region: 5656471928832(1317, 0)
2025-01-17T13:20:25.115763Z  INFO mito2::sst::file_purger: Successfully deleted SST file, file_id: 6fa5d40b-a314-456c-a6a3-458fdf55665b, region: 5656471928832(1317, 0)
2025-01-17T13:20:25.121928Z  INFO mito2::compaction::task: Compacted SST files, region_id: 5652176961536(1316, 0), input: [FileMeta { region_id: 5652176961536(1316, 0), file_id: FileId(e66c2bb3-7457-4c6a-baa5-5abfae3743fa), time_range: (1737061200000000000::Nanosecond, 1737147600000000000::Nanosecond), level: 1, file_size: 44436, available_indexes: [InvertedIndex], index_file_size: 6011, num_rows: 1245, num_row_groups: 1, sequence: Some(967420) }, FileMeta { region_id: 5652176961536(1316, 0), file_id: FileId(082d63d1-9ee2-4b7c-b364-537877799958), time_range: (1737061200000000000::Nanosecond, 1737147600000000000::Nanosecond), level: 1, file_size: 44574, available_indexes: [InvertedIndex], index_file_size: 6011, num_rows: 1263, num_row_groups: 1, sequence: Some(957644) }], output: [FileMeta { region_id: 5652176961536(1316, 0), file_id: FileId(f0b2bb29-8030-4d3a-a3b4-dc08bf281de1), time_range: (1737061200000000000::Nanosecond, 1737147600000000000::Nanosecond), level: 1, file_size: 44588, available_indexes: [InvertedIndex], index_file_size: 6011, num_rows: 1263, num_row_groups: 1, sequence: Some(967420) }], window: Some(604800), waiter_num: 0, merge_time: 0.021228546s
2025-01-17T13:20:25.124614Z  INFO mito2::request: Successfully compacted region: 5652176961536(1316, 0)
2025-01-17T13:20:25.124852Z  INFO mito2::sst::file_purger: Successfully deleted SST file, file_id: e66c2bb3-7457-4c6a-baa5-5abfae3743fa, region: 5652176961536(1316, 0)
2025-01-17T13:20:25.124859Z  INFO mito2::sst::file_purger: Successfully deleted SST file, file_id: 082d63d1-9ee2-4b7c-b364-537877799958, region: 5652176961536(1316, 0)
2025-01-17T13:20:30.839653Z  INFO mito2::flush: Successfully flush memtables, region: 5647881994240(1315, 0), reason: EngineFull, files: [FileId(4d0125c5-4f6f-4206-93a9-d5a749909b7d)], cost: 0.029285781s
2025-01-17T13:20:30.839691Z  INFO mito2::flush: Applying RegionEdit { files_to_add: [FileMeta { region_id: 5647881994240(1315, 0), file_id: FileId(4d0125c5-4f6f-4206-93a9-d5a749909b7d), time_range: (1737068400000000000::Nanosecond, 1737068400000000000::Nanosecond), level: 0, file_size: 8704, available_indexes: [InvertedIndex], index_file_size: 2189, num_rows: 104, num_row_groups: 1, sequence: Some(150334) }], files_to_remove: [], compaction_time_window: None, flushed_entry_id: Some(1462), flushed_sequence: Some(150334) } to region 5647881994240(1315, 0)
2025-01-17T13:20:30.843505Z  INFO mito2::flush: Successfully update manifest version to 23, region: 5647881994240(1315, 0), reason: EngineFull
2025-01-17T13:20:30.844205Z  INFO mito2::worker::handle_flush: Region 5647881994240(1315, 0) flush finished, tries to bump wal to 1462
2025-01-17T13:20:30.844255Z  INFO log_store::raft_engine::log_store: Namespace 5647881994240 obsoleted 6 entries, compacted index: 1462, span: (Some(1463), Some(1463))
2025-01-17T13:20:30.844301Z  INFO mito2::compaction::twcs: Building compaction output, active window: Some(1737068400), current window: 1737068400, max runs: 4, found runs: 5, output size: 1, max output size: None, remove deletion markers: false
2025-01-17T13:20:30.844332Z  INFO mito2::compaction::compactor: Compaction region 5647881994240(1315, 0) output [4d0125c5-4f6f-4206-93a9-d5a749909b7d,c84de56d-49ca-4f95-bac3-0349cfa7c360]-> 927938d7-5ba3-42be-9826-c350a38f0af1
2025-01-17T13:20:30.871294Z  INFO mito2::compaction::task: Compacted SST files, region_id: 5647881994240(1315, 0), input: [FileMeta { region_id: 5647881994240(1315, 0), file_id: FileId(4d0125c5-4f6f-4206-93a9-d5a749909b7d), time_range: (1737068400000000000::Nanosecond, 1737068400000000000::Nanosecond), level: 0, file_size: 8704, available_indexes: [InvertedIndex], index_file_size: 2189, num_rows: 104, num_row_groups: 1, sequence: Some(150334) }, FileMeta { region_id: 5647881994240(1315, 0), file_id: FileId(c84de56d-49ca-4f95-bac3-0349cfa7c360), time_range: (1737068400000000000::Nanosecond, 1737068400000000000::Nanosecond), level: 1, file_size: 8815, available_indexes: [InvertedIndex], index_file_size: 2238, num_rows: 109, num_row_groups: 1, sequence: Some(149710) }], output: [FileMeta { region_id: 5647881994240(1315, 0), file_id: FileId(927938d7-5ba3-42be-9826-c350a38f0af1), time_range: (1737068400000000000::Nanosecond, 1737068400000000000::Nanosecond), level: 1, file_size: 8776, available_indexes: [InvertedIndex], index_file_size: 2238, num_rows: 109, num_row_groups: 1, sequence: Some(150334) }], window: Some(3600), waiter_num: 0, merge_time: 0.026959602s
2025-01-17T13:20:30.875015Z  INFO mito2::request: Successfully compacted region: 5647881994240(1315, 0)
2025-01-17T13:20:30.875394Z  INFO mito2::sst::file_purger: Successfully deleted SST file, file_id: 4d0125c5-4f6f-4206-93a9-d5a749909b7d, region: 5647881994240(1315, 0)
2025-01-17T13:20:30.875450Z  INFO mito2::sst::file_purger: Successfully deleted SST file, file_id: c84de56d-49ca-4f95-bac3-0349cfa7c360, region: 5647881994240(1315, 0)
2025-01-17T13:20:30.883778Z  INFO mito2::flush: Successfully flush memtables, region: 5656471928832(1317, 0), reason: EngineFull, files: [FileId(4611b9d9-ebb1-4798-ada0-717e748663fa)], cost: 0.040158018s
2025-01-17T13:20:30.883814Z  INFO mito2::flush: Applying RegionEdit { files_to_add: [FileMeta { region_id: 5656471928832(1317, 0), file_id: FileId(4611b9d9-ebb1-4798-ada0-717e748663fa), time_range: (1737061200000000000::Nanosecond, 1737147600000000000::Nanosecond), level: 0, file_size: 22991, available_indexes: [InvertedIndex], index_file_size: 6113, num_rows: 1224, num_row_groups: 1, sequence: Some(1818792) }], files_to_remove: [], compaction_time_window: None, flushed_entry_id: Some(1496), flushed_sequence: Some(1818792) } to region 5656471928832(1317, 0)
2025-01-17T13:20:30.887466Z  INFO mito2::flush: Successfully update manifest version to 43, region: 5656471928832(1317, 0), reason: EngineFull
2025-01-17T13:20:30.894614Z  INFO mito2::worker::handle_flush: Region 5656471928832(1317, 0) flush finished, tries to bump wal to 1496
2025-01-17T13:20:30.894738Z  INFO log_store::raft_engine::log_store: Namespace 5656471928832 obsoleted 6 entries, compacted index: 1496, span: (None, None)
2025-01-17T13:20:30.894852Z  INFO mito2::compaction::twcs: Building compaction output, active window: Some(1737590400), current window: 1737590400, max runs: 4, found runs: 5, output size: 1, max output size: None, remove deletion markers: false
2025-01-17T13:20:30.898518Z  INFO mito2::compaction::compactor: Compaction region 5656471928832(1317, 0) output [4611b9d9-ebb1-4798-ada0-717e748663fa,87e92fcb-f904-4bf8-a87a-28c7baa7360b]-> d4e82f66-353b-470a-90a5-844b4ff3e363
2025-01-17T13:20:30.977472Z  INFO mito2::compaction::task: Compacted SST files, region_id: 5656471928832(1317, 0), input: [FileMeta { region_id: 5656471928832(1317, 0), file_id: FileId(4611b9d9-ebb1-4798-ada0-717e748663fa), time_range: (1737061200000000000::Nanosecond, 1737147600000000000::Nanosecond), level: 0, file_size: 22991, available_indexes: [InvertedIndex], index_file_size: 6113, num_rows: 1224, num_row_groups: 1, sequence: Some(1818792) }, FileMeta { region_id: 5656471928832(1317, 0), file_id: FileId(87e92fcb-f904-4bf8-a87a-28c7baa7360b), time_range: (1737061200000000000::Nanosecond, 1737147600000000000::Nanosecond), level: 1, file_size: 24750, available_indexes: [InvertedIndex], index_file_size: 6113, num_rows: 1494, num_row_groups: 1, sequence: Some(1735250) }], output: [FileMeta { region_id: 5656471928832(1317, 0), file_id: FileId(d4e82f66-353b-470a-90a5-844b4ff3e363), time_range: (1737061200000000000::Nanosecond, 1737147600000000000::Nanosecond), level: 1, file_size: 25026, available_indexes: [InvertedIndex], index_file_size: 6113, num_rows: 1521, num_row_groups: 1, sequence: Some(1818792) }], window: Some(604800), waiter_num: 0, merge_time: 0.078962888s
2025-01-17T13:20:30.980789Z  INFO mito2::request: Successfully compacted region: 5656471928832(1317, 0)
2025-01-17T13:20:30.981122Z  INFO mito2::sst::file_purger: Successfully deleted SST file, file_id: 4611b9d9-ebb1-4798-ada0-717e748663fa, region: 5656471928832(1317, 0)
2025-01-17T13:20:30.981186Z  INFO mito2::sst::file_purger: Successfully deleted SST file, file_id: 87e92fcb-f904-4bf8-a87a-28c7baa7360b, region: 5656471928832(1317, 0)
2025-01-17T13:20:31.110595Z  INFO mito2::flush: Successfully flush memtables, region: 5643587026950(1314, 6), reason: EngineFull, files: [FileId(e096aa0b-ffe6-4d87-a5f8-9301f57b0047)], cost: 0.266523459s
2025-01-17T13:20:31.110634Z  INFO mito2::flush: Applying RegionEdit { files_to_add: [FileMeta { region_id: 5643587026950(1314, 6), file_id: FileId(e096aa0b-ffe6-4d87-a5f8-9301f57b0047), time_range: (1737062160246871000::Nanosecond, 1737148829889854000::Nanosecond), level: 0, file_size: 814048, available_indexes: [InvertedIndex], index_file_size: 2718, num_rows: 213900, num_row_groups: 3, sequence: Some(466330) }], files_to_remove: [], compaction_time_window: None, flushed_entry_id: Some(1504), flushed_sequence: Some(466330) } to region 5643587026950(1314, 6)
2025-01-17T13:20:31.115527Z  INFO mito2::flush: Successfully update manifest version to 4, region: 5643587026950(1314, 6), reason: EngineFull
2025-01-17T13:20:31.118337Z  INFO mito2::worker::handle_flush: Region 5643587026950(1314, 6) flush finished, tries to bump wal to 1504
2025-01-17T13:20:31.120489Z  INFO log_store::raft_engine::log_store: Namespace 5643587026950 obsoleted 690 entries, compacted index: 1504, span: (None, None)
2025-01-17T13:20:31.120773Z  INFO mito2::compaction::twcs: Compaction window for region 5643587026950(1314, 6) is not present, inferring from files: 604800
2025-01-17T13:21:07.863315Z  INFO mito2::flush: Successfully flush memtables, region: 5647881994240(1315, 0), reason: EngineFull, files: [FileId(a4a142f5-f7f3-4349-9c7b-9dab197e5d94)], cost: 0.01136056s
2025-01-17T13:21:07.863343Z  INFO mito2::flush: Applying RegionEdit { files_to_add: [FileMeta { region_id: 5647881994240(1315, 0), file_id: FileId(a4a142f5-f7f3-4349-9c7b-9dab197e5d94), time_range: (1737068400000000000::Nanosecond, 1737068400000000000::Nanosecond), level: 0, file_size: 8744, available_indexes: [InvertedIndex], index_file_size: 2183, num_rows: 106, num_row_groups: 1, sequence: Some(153368) }], files_to_remove: [], compaction_time_window: None, flushed_entry_id: Some(1492), flushed_sequence: Some(153368) } to region 5647881994240(1315, 0)
2025-01-17T13:21:07.866531Z  INFO mito2::flush: Successfully update manifest version to 25, region: 5647881994240(1315, 0), reason: EngineFull
2025-01-17T13:21:07.877194Z  INFO mito2::worker::handle_flush: Region 5647881994240(1315, 0) flush finished, tries to bump wal to 1492
2025-01-17T13:21:07.877241Z  INFO log_store::raft_engine::log_store: Namespace 5647881994240 obsoleted 30 entries, compacted index: 1492, span: (Some(1493), Some(1493))
2025-01-17T13:21:07.877276Z  INFO mito2::compaction::twcs: Building compaction output, active window: Some(1737068400), current window: 1737068400, max runs: 4, found runs: 5, output size: 1, max output size: None, remove deletion markers: false
2025-01-17T13:21:07.877310Z  INFO mito2::compaction::compactor: Compaction region 5647881994240(1315, 0) output [a4a142f5-f7f3-4349-9c7b-9dab197e5d94,927938d7-5ba3-42be-9826-c350a38f0af1]-> ad4b60f2-395f-4518-9d10-011d5316a3ff
2025-01-17T13:21:07.887478Z  INFO mito2::compaction::task: Compacted SST files, region_id: 5647881994240(1315, 0), input: [FileMeta { region_id: 5647881994240(1315, 0), file_id: FileId(a4a142f5-f7f3-4349-9c7b-9dab197e5d94), time_range: (1737068400000000000::Nanosecond, 1737068400000000000::Nanosecond), level: 0, file_size: 8744, available_indexes: [InvertedIndex], index_file_size: 2183, num_rows: 106, num_row_groups: 1, sequence: Some(153368) }, FileMeta { region_id: 5647881994240(1315, 0), file_id: FileId(927938d7-5ba3-42be-9826-c350a38f0af1), time_range: (1737068400000000000::Nanosecond, 1737068400000000000::Nanosecond), level: 1, file_size: 8776, available_indexes: [InvertedIndex], index_file_size: 2238, num_rows: 109, num_row_groups: 1, sequence: Some(150334) }], output: [FileMeta { region_id: 5647881994240(1315, 0), file_id: FileId(ad4b60f2-395f-4518-9d10-011d5316a3ff), time_range: (1737068400000000000::Nanosecond, 1737068400000000000::Nanosecond), level: 1, file_size: 8795, available_indexes: [InvertedIndex], index_file_size: 2239, num_rows: 111, num_row_groups: 1, sequence: Some(153368) }], window: Some(3600), waiter_num: 0, merge_time: 0.010167185s
2025-01-17T13:21:07.890164Z  INFO mito2::request: Successfully compacted region: 5647881994240(1315, 0)
2025-01-17T13:21:07.890391Z  INFO mito2::sst::file_purger: Successfully deleted SST file, file_id: a4a142f5-f7f3-4349-9c7b-9dab197e5d94, region: 5647881994240(1315, 0)
2025-01-17T13:21:07.890408Z  INFO mito2::sst::file_purger: Successfully deleted SST file, file_id: 927938d7-5ba3-42be-9826-c350a38f0af1, region: 5647881994240(1315, 0)
2025-01-17T13:21:08.380043Z  INFO mito2::flush: Successfully flush memtables, region: 5656471928832(1317, 0), reason: EngineFull, files: [FileId(df4408bb-73e3-46bc-998b-0d92b04f7e9e)], cost: 0.017843658s
2025-01-17T13:21:08.380064Z  INFO mito2::flush: Applying RegionEdit { files_to_add: [FileMeta { region_id: 5656471928832(1317, 0), file_id: FileId(df4408bb-73e3-46bc-998b-0d92b04f7e9e), time_range: (1737061200000000000::Nanosecond, 1737147600000000000::Nanosecond), level: 0, file_size: 23090, available_indexes: [InvertedIndex], index_file_size: 6113, num_rows: 1239, num_row_groups: 1, sequence: Some(1855321) }], files_to_remove: [], compaction_time_window: None, flushed_entry_id: Some(1527), flushed_sequence: Some(1855321) } to region 5656471928832(1317, 0)
2025-01-17T13:21:08.383043Z  INFO mito2::flush: Successfully update manifest version to 45, region: 5656471928832(1317, 0), reason: EngineFull
2025-01-17T13:21:08.384009Z  INFO mito2::worker::handle_flush: Region 5656471928832(1317, 0) flush finished, tries to bump wal to 1527
2025-01-17T13:21:08.384047Z  INFO log_store::raft_engine::log_store: Namespace 5656471928832 obsoleted 31 entries, compacted index: 1527, span: (Some(1528), Some(1528))
2025-01-17T13:21:08.384079Z  INFO mito2::compaction::twcs: Building compaction output, active window: Some(1737590400), current window: 1737590400, max runs: 4, found runs: 5, output size: 1, max output size: None, remove deletion markers: false
2025-01-17T13:21:08.384104Z  INFO mito2::compaction::compactor: Compaction region 5656471928832(1317, 0) output [df4408bb-73e3-46bc-998b-0d92b04f7e9e,c6af6e27-e0a1-4ac4-83c2-520ef95a4e4f]-> 5fd3f428-4616-42f8-9d21-df2defc911df
2025-01-17T13:21:08.400623Z  INFO mito2::compaction::task: Compacted SST files, region_id: 5656471928832(1317, 0), input: [FileMeta { region_id: 5656471928832(1317, 0), file_id: FileId(df4408bb-73e3-46bc-998b-0d92b04f7e9e), time_range: (1737061200000000000::Nanosecond, 1737147600000000000::Nanosecond), level: 0, file_size: 23090, available_indexes: [InvertedIndex], index_file_size: 6113, num_rows: 1239, num_row_groups: 1, sequence: Some(1855321) }, FileMeta { region_id: 5656471928832(1317, 0), file_id: FileId(c6af6e27-e0a1-4ac4-83c2-520ef95a4e4f), time_range: (1737061200000000000::Nanosecond, 1737147600000000000::Nanosecond), level: 1, file_size: 24767, available_indexes: [InvertedIndex], index_file_size: 6113, num_rows: 1489, num_row_groups: 1, sequence: Some(1812481) }], output: [FileMeta { region_id: 5656471928832(1317, 0), file_id: FileId(5fd3f428-4616-42f8-9d21-df2defc911df), time_range: (1737061200000000000::Nanosecond, 1737147600000000000::Nanosecond), level: 1, file_size: 24763, available_indexes: [InvertedIndex], index_file_size: 6112, num_rows: 1504, num_row_groups: 1, sequence: Some(1855321) }], window: Some(604800), waiter_num: 0, merge_time: 0.016521642s
2025-01-17T13:21:08.403402Z  INFO mito2::request: Successfully compacted region: 5656471928832(1317, 0)
2025-01-17T13:21:08.403630Z  INFO mito2::sst::file_purger: Successfully deleted SST file, file_id: c6af6e27-e0a1-4ac4-83c2-520ef95a4e4f, region: 5656471928832(1317, 0)
2025-01-17T13:21:08.403631Z  INFO mito2::sst::file_purger: Successfully deleted SST file, file_id: df4408bb-73e3-46bc-998b-0d92b04f7e9e, region: 5656471928832(1317, 0)
2025-01-17T13:21:09.487963Z  INFO mito2::flush: Successfully flush memtables, region: 5647881994240(1315, 0), reason: EngineFull, files: [FileId(af75bf72-924b-4b0f-a18b-90923fa033b3)], cost: 0.012229743s
2025-01-17T13:21:09.487974Z  INFO mito2::flush: Applying RegionEdit { files_to_add: [FileMeta { region_id: 5647881994240(1315, 0), file_id: FileId(af75bf72-924b-4b0f-a18b-90923fa033b3), time_range: (1737068400000000000::Nanosecond, 1737068400000000000::Nanosecond), level: 0, file_size: 8744, available_indexes: [InvertedIndex], index_file_size: 2182, num_rows: 106, num_row_groups: 1, sequence: Some(153580) }], files_to_remove: [], compaction_time_window: None, flushed_entry_id: Some(1494), flushed_sequence: Some(153580) } to region 5647881994240(1315, 0)
2025-01-17T13:21:09.490692Z  INFO mito2::flush: Successfully update manifest version to 27, region: 5647881994240(1315, 0), reason: EngineFull
2025-01-17T13:21:09.490786Z  INFO mito2::worker::handle_flush: Region 5647881994240(1315, 0) flush finished, tries to bump wal to 1494
2025-01-17T13:21:09.490804Z  INFO log_store::raft_engine::log_store: Namespace 5647881994240 obsoleted 2 entries, compacted index: 1494, span: (Some(1495), Some(1495))
2025-01-17T13:21:09.490826Z  INFO mito2::compaction::twcs: Building compaction output, active window: Some(1737068400), current window: 1737068400, max runs: 4, found runs: 5, output size: 1, max output size: None, remove deletion markers: false
2025-01-17T13:21:09.490841Z  INFO mito2::compaction::compactor: Compaction region 5647881994240(1315, 0) output [af75bf72-924b-4b0f-a18b-90923fa033b3,ad4b60f2-395f-4518-9d10-011d5316a3ff]-> dd5e3f01-0150-483d-90eb-cb13c7f6a5ec
2025-01-17T13:21:09.498049Z  INFO mito2::flush: Successfully flush memtables, region: 5652176961536(1316, 0), reason: EngineFull, files: [FileId(011e518f-6482-4c5b-a5d6-afda771966a8)], cost: 0.019734505s
2025-01-17T13:21:09.498055Z  INFO mito2::flush: Applying RegionEdit { files_to_add: [FileMeta { region_id: 5652176961536(1316, 0), file_id: FileId(011e518f-6482-4c5b-a5d6-afda771966a8), time_range: (1737061200000000000::Nanosecond, 1737147600000000000::Nanosecond), level: 0, file_size: 44588, available_indexes: [InvertedIndex], index_file_size: 6011, num_rows: 1232, num_row_groups: 1, sequence: Some(1830208) }], files_to_remove: [], compaction_time_window: None, flushed_entry_id: Some(1511), flushed_sequence: Some(1830208) } to region 5652176961536(1316, 0)
2025-01-17T13:21:09.500566Z  INFO mito2::compaction::task: Compacted SST files, region_id: 5647881994240(1315, 0), input: [FileMeta { region_id: 5647881994240(1315, 0), file_id: FileId(af75bf72-924b-4b0f-a18b-90923fa033b3), time_range: (1737068400000000000::Nanosecond, 1737068400000000000::Nanosecond), level: 0, file_size: 8744, available_indexes: [InvertedIndex], index_file_size: 2182, num_rows: 106, num_row_groups: 1, sequence: Some(153580) }, FileMeta { region_id: 5647881994240(1315, 0), file_id: FileId(ad4b60f2-395f-4518-9d10-011d5316a3ff), time_range: (1737068400000000000::Nanosecond, 1737068400000000000::Nanosecond), level: 1, file_size: 8795, available_indexes: [InvertedIndex], index_file_size: 2239, num_rows: 111, num_row_groups: 1, sequence: Some(153368) }], output: [FileMeta { region_id: 5647881994240(1315, 0), file_id: FileId(dd5e3f01-0150-483d-90eb-cb13c7f6a5ec), time_range: (1737068400000000000::Nanosecond, 1737068400000000000::Nanosecond), level: 1, file_size: 8795, available_indexes: [InvertedIndex], index_file_size: 2239, num_rows: 111, num_row_groups: 1, sequence: Some(153580) }], window: Some(3600), waiter_num: 0, merge_time: 0.009726561s
2025-01-17T13:21:09.505219Z  INFO mito2::flush: Successfully update manifest version to 19, region: 5652176961536(1316, 0), reason: EngineFull
2025-01-17T13:21:09.506041Z  INFO mito2::worker::handle_flush: Region 5652176961536(1316, 0) flush finished, tries to bump wal to 1511
2025-01-17T13:21:09.506062Z  INFO log_store::raft_engine::log_store: Namespace 5652176961536 obsoleted 40 entries, compacted index: 1511, span: (Some(1512), Some(1512))
2025-01-17T13:21:09.506082Z  INFO mito2::compaction::twcs: Building compaction output, active window: Some(1737590400), current window: 1737590400, max runs: 4, found runs: 5, output size: 1, max output size: None, remove deletion markers: false
2025-01-17T13:21:09.506098Z  INFO mito2::compaction::compactor: Compaction region 5652176961536(1316, 0) output [011e518f-6482-4c5b-a5d6-afda771966a8,f0b2bb29-8030-4d3a-a3b4-dc08bf281de1]-> ff050608-1da0-4f7c-a861-621a50cb2b67
2025-01-17T13:21:09.508059Z  INFO mito2::request: Successfully compacted region: 5647881994240(1315, 0)
2025-01-17T13:21:09.508194Z  INFO mito2::sst::file_purger: Successfully deleted SST file, file_id: af75bf72-924b-4b0f-a18b-90923fa033b3, region: 5647881994240(1315, 0)
2025-01-17T13:21:09.508204Z  INFO mito2::sst::file_purger: Successfully deleted SST file, file_id: ad4b60f2-395f-4518-9d10-011d5316a3ff, region: 5647881994240(1315, 0)
2025-01-17T13:21:09.523159Z  INFO mito2::compaction::task: Compacted SST files, region_id: 5652176961536(1316, 0), input: [FileMeta { region_id: 5652176961536(1316, 0), file_id: FileId(011e518f-6482-4c5b-a5d6-afda771966a8), time_range: (1737061200000000000::Nanosecond, 1737147600000000000::Nanosecond), level: 0, file_size: 44588, available_indexes: [InvertedIndex], index_file_size: 6011, num_rows: 1232, num_row_groups: 1, sequence: Some(1830208) }, FileMeta { region_id: 5652176961536(1316, 0), file_id: FileId(f0b2bb29-8030-4d3a-a3b4-dc08bf281de1), time_range: (1737061200000000000::Nanosecond, 1737147600000000000::Nanosecond), level: 1, file_size: 44588, available_indexes: [InvertedIndex], index_file_size: 6011, num_rows: 1263, num_row_groups: 1, sequence: Some(967420) }], output: [FileMeta { region_id: 5652176961536(1316, 0), file_id: FileId(ff050608-1da0-4f7c-a861-621a50cb2b67), time_range: (1737061200000000000::Nanosecond, 1737147600000000000::Nanosecond), level: 1, file_size: 46958, available_indexes: [InvertedIndex], index_file_size: 6010, num_rows: 1530, num_row_groups: 1, sequence: Some(1830208) }], window: Some(604800), waiter_num: 0, merge_time: 0.017062009s
2025-01-17T13:21:09.525598Z  INFO mito2::manifest::checkpointer: Start doing checkpoint for region 5652176961536(1316, 0), compacted version: [11, 20]
2025-01-17T13:21:09.525630Z  INFO mito2::request: Successfully compacted region: 5652176961536(1316, 0)
2025-01-17T13:21:09.525732Z  INFO mito2::sst::file_purger: Successfully deleted SST file, file_id: 011e518f-6482-4c5b-a5d6-afda771966a8, region: 5652176961536(1316, 0)
2025-01-17T13:21:09.525751Z  INFO mito2::sst::file_purger: Successfully deleted SST file, file_id: f0b2bb29-8030-4d3a-a3b4-dc08bf281de1, region: 5652176961536(1316, 0)
2025-01-17T13:21:09.530650Z  INFO mito2::manifest::checkpointer: Checkpoint for region 5652176961536(1316, 0) success, version: 20
2025-01-17T13:21:14.219435Z  INFO mito2::flush: Successfully flush memtables, region: 5643587026949(1314, 5), reason: EngineFull, files: [FileId(16f6f395-fb93-4fce-b28e-923e1fa82963)], cost: 0.169760115s
2025-01-17T13:21:14.219454Z  INFO mito2::flush: Applying RegionEdit { files_to_add: [FileMeta { region_id: 5643587026949(1314, 5), file_id: FileId(16f6f395-fb93-4fce-b28e-923e1fa82963), time_range: (1737062151225217000::Nanosecond, 1737148752900006000::Nanosecond), level: 0, file_size: 1232108, available_indexes: [InvertedIndex], index_file_size: 4583, num_rows: 326480, num_row_groups: 4, sequence: Some(680615) }], files_to_remove: [], compaction_time_window: None, flushed_entry_id: Some(1547), flushed_sequence: Some(680615) } to region 5643587026949(1314, 5)
2025-01-17T13:21:14.222260Z  INFO mito2::flush: Successfully update manifest version to 4, region: 5643587026949(1314, 5), reason: EngineFull
2025-01-17T13:21:14.224470Z  INFO mito2::worker::handle_flush: Region 5643587026949(1314, 5) flush finished, tries to bump wal to 1547
2025-01-17T13:21:14.224500Z  INFO log_store::raft_engine::log_store: Namespace 5643587026949 obsoleted 742 entries, compacted index: 1547, span: (Some(1548), Some(1548))
2025-01-17T13:21:14.224515Z  INFO mito2::compaction::twcs: Compaction window for region 5643587026949(1314, 5) is not present, inferring from files: 604800
2025-01-17T13:22:10.130975Z  INFO mito2::flush: Successfully flush memtables, region: 5656471928832(1317, 0), reason: EngineFull, files: [FileId(592af5d2-f6aa-4601-9857-a1f40b8384f5)], cost: 0.066942705s
2025-01-17T13:22:10.131010Z  INFO mito2::flush: Applying RegionEdit { files_to_add: [FileMeta { region_id: 5656471928832(1317, 0), file_id: FileId(592af5d2-f6aa-4601-9857-a1f40b8384f5), time_range: (1737061200000000000::Nanosecond, 1737147600000000000::Nanosecond), level: 0, file_size: 23136, available_indexes: [InvertedIndex], index_file_size: 6112, num_rows: 1242, num_row_groups: 1, sequence: Some(1917745) }], files_to_remove: [], compaction_time_window: None, flushed_entry_id: Some(1580), flushed_sequence: Some(1917745) } to region 5656471928832(1317, 0)
2025-01-17T13:22:10.136966Z  INFO mito2::flush: Successfully update manifest version to 47, region: 5656471928832(1317, 0), reason: EngineFull
2025-01-17T13:22:10.138466Z  INFO mito2::worker::handle_flush: Region 5656471928832(1317, 0) flush finished, tries to bump wal to 1580
2025-01-17T13:22:10.138525Z  INFO log_store::raft_engine::log_store: Namespace 5656471928832 obsoleted 53 entries, compacted index: 1580, span: (Some(1581), Some(1581))
2025-01-17T13:22:10.138580Z  INFO mito2::compaction::twcs: Building compaction output, active window: Some(1737590400), current window: 1737590400, max runs: 4, found runs: 5, output size: 1, max output size: None, remove deletion markers: false
2025-01-17T13:22:10.138622Z  INFO mito2::compaction::compactor: Compaction region 5656471928832(1317, 0) output [592af5d2-f6aa-4601-9857-a1f40b8384f5,5fd3f428-4616-42f8-9d21-df2defc911df]-> 6f6d2ded-ec58-4ad3-b87e-703f1e642fdc
2025-01-17T13:22:10.187226Z  INFO mito2::compaction::task: Compacted SST files, region_id: 5656471928832(1317, 0), input: [FileMeta { region_id: 5656471928832(1317, 0), file_id: FileId(592af5d2-f6aa-4601-9857-a1f40b8384f5), time_range: (1737061200000000000::Nanosecond, 1737147600000000000::Nanosecond), level: 0, file_size: 23136, available_indexes: [InvertedIndex], index_file_size: 6112, num_rows: 1242, num_row_groups: 1, sequence: Some(1917745) }, FileMeta { region_id: 5656471928832(1317, 0), file_id: FileId(5fd3f428-4616-42f8-9d21-df2defc911df), time_range: (1737061200000000000::Nanosecond, 1737147600000000000::Nanosecond), level: 1, file_size: 24763, available_indexes: [InvertedIndex], index_file_size: 6112, num_rows: 1504, num_row_groups: 1, sequence: Some(1855321) }], output: [FileMeta { region_id: 5656471928832(1317, 0), file_id: FileId(6f6d2ded-ec58-4ad3-b87e-703f1e642fdc), time_range: (1737061200000000000::Nanosecond, 1737147600000000000::Nanosecond), level: 1, file_size: 25140, available_indexes: [InvertedIndex], index_file_size: 6113, num_rows: 1522, num_row_groups: 1, sequence: Some(1917745) }], window: Some(604800), waiter_num: 0, merge_time: 0.048607243s
2025-01-17T13:22:10.191101Z  INFO mito2::request: Successfully compacted region: 5656471928832(1317, 0)
2025-01-17T13:22:10.191559Z  INFO mito2::sst::file_purger: Successfully deleted SST file, file_id: 592af5d2-f6aa-4601-9857-a1f40b8384f5, region: 5656471928832(1317, 0)
2025-01-17T13:22:10.191588Z  INFO mito2::sst::file_purger: Successfully deleted SST file, file_id: 5fd3f428-4616-42f8-9d21-df2defc911df, region: 5656471928832(1317, 0)
2025-01-17T13:22:13.118618Z  INFO mito2::flush: Successfully flush memtables, region: 5652176961536(1316, 0), reason: EngineFull, files: [FileId(837aac57-f67a-4d8a-b2fe-0d3e57dd2f4f)], cost: 0.046129697s
2025-01-17T13:22:13.119152Z  INFO mito2::flush: Applying RegionEdit { files_to_add: [FileMeta { region_id: 5652176961536(1316, 0), file_id: FileId(837aac57-f67a-4d8a-b2fe-0d3e57dd2f4f), time_range: (1737061200000000000::Nanosecond, 1737147600000000000::Nanosecond), level: 0, file_size: 44605, available_indexes: [InvertedIndex], index_file_size: 6010, num_rows: 1241, num_row_groups: 1, sequence: Some(1896196) }], files_to_remove: [], compaction_time_window: None, flushed_entry_id: Some(1566), flushed_sequence: Some(1896196) } to region 5652176961536(1316, 0)
2025-01-17T13:22:13.122545Z  INFO mito2::flush: Successfully flush memtables, region: 5656471928832(1317, 0), reason: EngineFull, files: [FileId(e46005b5-8d55-4868-8d3f-f7bfb9703a04)], cost: 0.054602245s
2025-01-17T13:22:13.122580Z  INFO mito2::flush: Applying RegionEdit { files_to_add: [FileMeta { region_id: 5656471928832(1317, 0), file_id: FileId(e46005b5-8d55-4868-8d3f-f7bfb9703a04), time_range: (1737061200000000000::Nanosecond, 1737147600000000000::Nanosecond), level: 0, file_size: 23009, available_indexes: [InvertedIndex], index_file_size: 6113, num_rows: 1224, num_row_groups: 1, sequence: Some(1920193) }], files_to_remove: [], compaction_time_window: None, flushed_entry_id: Some(1582), flushed_sequence: Some(1920193) } to region 5656471928832(1317, 0)
2025-01-17T13:22:13.125847Z  INFO mito2::flush: Successfully update manifest version to 21, region: 5652176961536(1316, 0), reason: EngineFull
2025-01-17T13:22:13.127506Z  INFO mito2::worker::handle_flush: Region 5652176961536(1316, 0) flush finished, tries to bump wal to 1566
2025-01-17T13:22:13.127576Z  INFO log_store::raft_engine::log_store: Namespace 5652176961536 obsoleted 55 entries, compacted index: 1566, span: (Some(1567), Some(1567))
2025-01-17T13:22:13.127628Z  INFO mito2::compaction::twcs: Building compaction output, active window: Some(1737590400), current window: 1737590400, max runs: 4, found runs: 5, output size: 1, max output size: None, remove deletion markers: false
2025-01-17T13:22:13.127679Z  INFO mito2::compaction::compactor: Compaction region 5652176961536(1316, 0) output [9389bedf-3049-4fcb-9e8d-57a802cfdbf1,837aac57-f67a-4d8a-b2fe-0d3e57dd2f4f]-> 43a639d2-0a8e-499f-98cc-8e4145611d76
2025-01-17T13:22:13.127778Z  INFO mito2::flush: Successfully update manifest version to 49, region: 5656471928832(1317, 0), reason: EngineFull
2025-01-17T13:22:13.128822Z  INFO mito2::worker::handle_flush: Region 5656471928832(1317, 0) flush finished, tries to bump wal to 1582
2025-01-17T13:22:13.128871Z  INFO log_store::raft_engine::log_store: Namespace 5656471928832 obsoleted 2 entries, compacted index: 1582, span: (Some(1583), Some(1583))
2025-01-17T13:22:13.128910Z  INFO mito2::compaction::twcs: Building compaction output, active window: Some(1737590400), current window: 1737590400, max runs: 4, found runs: 5, output size: 1, max output size: None, remove deletion markers: false
2025-01-17T13:22:13.128941Z  INFO mito2::compaction::compactor: Compaction region 5656471928832(1317, 0) output [e46005b5-8d55-4868-8d3f-f7bfb9703a04,da5ecc09-f25f-46c6-9f2b-92c1d3537b20]-> 82a1869c-edf9-4051-ac04-200f8332419d
2025-01-17T13:22:13.188542Z  INFO mito2::compaction::task: Compacted SST files, region_id: 5656471928832(1317, 0), input: [FileMeta { region_id: 5656471928832(1317, 0), file_id: FileId(e46005b5-8d55-4868-8d3f-f7bfb9703a04), time_range: (1737061200000000000::Nanosecond, 1737147600000000000::Nanosecond), level: 0, file_size: 23009, available_indexes: [InvertedIndex], index_file_size: 6113, num_rows: 1224, num_row_groups: 1, sequence: Some(1920193) }, FileMeta { region_id: 5656471928832(1317, 0), file_id: FileId(da5ecc09-f25f-46c6-9f2b-92c1d3537b20), time_range: (1737061200000000000::Nanosecond, 1737147600000000000::Nanosecond), level: 1, file_size: 24770, available_indexes: [InvertedIndex], index_file_size: 6112, num_rows: 1510, num_row_groups: 1, sequence: Some(1737698) }], output: [FileMeta { region_id: 5656471928832(1317, 0), file_id: FileId(82a1869c-edf9-4051-ac04-200f8332419d), time_range: (1737061200000000000::Nanosecond, 1737147600000000000::Nanosecond), level: 1, file_size: 24817, available_indexes: [InvertedIndex], index_file_size: 6113, num_rows: 1570, num_row_groups: 1, sequence: Some(1920193) }], window: Some(604800), waiter_num: 0, merge_time: 0.059595778s
2025-01-17T13:22:13.191106Z  INFO mito2::compaction::task: Compacted SST files, region_id: 5652176961536(1316, 0), input: [FileMeta { region_id: 5652176961536(1316, 0), file_id: FileId(9389bedf-3049-4fcb-9e8d-57a802cfdbf1), time_range: (1737061200000000000::Nanosecond, 1737147600000000000::Nanosecond), level: 0, file_size: 44675, available_indexes: [InvertedIndex], index_file_size: 6010, num_rows: 1246, num_row_groups: 1, sequence: Some(1786288) }, FileMeta { region_id: 5652176961536(1316, 0), file_id: FileId(837aac57-f67a-4d8a-b2fe-0d3e57dd2f4f), time_range: (1737061200000000000::Nanosecond, 1737147600000000000::Nanosecond), level: 0, file_size: 44605, available_indexes: [InvertedIndex], index_file_size: 6010, num_rows: 1241, num_row_groups: 1, sequence: Some(1896196) }], output: [FileMeta { region_id: 5652176961536(1316, 0), file_id: FileId(43a639d2-0a8e-499f-98cc-8e4145611d76), time_range: (1737061200000000000::Nanosecond, 1737147600000000000::Nanosecond), level: 1, file_size: 45030, available_indexes: [InvertedIndex], index_file_size: 6010, num_rows: 1275, num_row_groups: 1, sequence: Some(1896196) }], window: Some(604800), waiter_num: 0, merge_time: 0.063427409s
2025-01-17T13:22:13.197613Z  INFO mito2::request: Successfully compacted region: 5652176961536(1316, 0)
2025-01-17T13:22:13.198145Z  INFO mito2::sst::file_purger: Successfully deleted SST file, file_id: 9389bedf-3049-4fcb-9e8d-57a802cfdbf1, region: 5652176961536(1316, 0)
2025-01-17T13:22:13.198159Z  INFO mito2::sst::file_purger: Successfully deleted SST file, file_id: 837aac57-f67a-4d8a-b2fe-0d3e57dd2f4f, region: 5652176961536(1316, 0)
2025-01-17T13:22:13.201487Z  INFO mito2::manifest::checkpointer: Start doing checkpoint for region 5656471928832(1317, 0), compacted version: [41, 50]
2025-01-17T13:22:13.201588Z  INFO mito2::request: Successfully compacted region: 5656471928832(1317, 0)
2025-01-17T13:22:13.201910Z  INFO mito2::sst::file_purger: Successfully deleted SST file, file_id: e46005b5-8d55-4868-8d3f-f7bfb9703a04, region: 5656471928832(1317, 0)
2025-01-17T13:22:13.202225Z  INFO mito2::sst::file_purger: Successfully deleted SST file, file_id: da5ecc09-f25f-46c6-9f2b-92c1d3537b20, region: 5656471928832(1317, 0)
2025-01-17T13:22:13.216975Z  INFO mito2::manifest::checkpointer: Checkpoint for region 5656471928832(1317, 0) success, version: 50
2025-01-17T13:22:18.101209Z  INFO mito2::flush: Successfully flush memtables, region: 5647881994240(1315, 0), reason: EngineFull, files: [FileId(099e6718-522e-486b-be0a-f4008bdcc767)], cost: 0.025775626s
2025-01-17T13:22:18.101288Z  INFO mito2::flush: Applying RegionEdit { files_to_add: [FileMeta { region_id: 5647881994240(1315, 0), file_id: FileId(099e6718-522e-486b-be0a-f4008bdcc767), time_range: (1737068400000000000::Nanosecond, 1737068400000000000::Nanosecond), level: 0, file_size: 8818, available_indexes: [InvertedIndex], index_file_size: 2217, num_rows: 109, num_row_groups: 1, sequence: Some(159542) }], files_to_remove: [], compaction_time_window: None, flushed_entry_id: Some(1551), flushed_sequence: Some(159542) } to region 5647881994240(1315, 0)
2025-01-17T13:22:18.108349Z  INFO mito2::flush: Successfully update manifest version to 29, region: 5647881994240(1315, 0), reason: EngineFull
2025-01-17T13:22:18.109636Z  INFO mito2::worker::handle_flush: Region 5647881994240(1315, 0) flush finished, tries to bump wal to 1551
2025-01-17T13:22:18.109697Z  INFO log_store::raft_engine::log_store: Namespace 5647881994240 obsoleted 57 entries, compacted index: 1551, span: (Some(1552), Some(1552))
2025-01-17T13:22:18.109744Z  INFO mito2::compaction::twcs: Building compaction output, active window: Some(1737068400), current window: 1737068400, max runs: 4, found runs: 5, output size: 1, max output size: None, remove deletion markers: false
2025-01-17T13:22:18.109788Z  INFO mito2::compaction::compactor: Compaction region 5647881994240(1315, 0) output [099e6718-522e-486b-be0a-f4008bdcc767,dd5e3f01-0150-483d-90eb-cb13c7f6a5ec]-> af000329-a92a-411c-9693-e42aba85a6d4
2025-01-17T13:22:18.120977Z  INFO mito2::flush: Successfully flush memtables, region: 5656471928832(1317, 0), reason: EngineFull, files: [FileId(6403ed39-d6b6-45e8-b039-d6b2d9b7ae97)], cost: 0.045991848s
2025-01-17T13:22:18.121012Z  INFO mito2::flush: Applying RegionEdit { files_to_add: [FileMeta { region_id: 5656471928832(1317, 0), file_id: FileId(6403ed39-d6b6-45e8-b039-d6b2d9b7ae97), time_range: (1737061200000000000::Nanosecond, 1737147600000000000::Nanosecond), level: 0, file_size: 23010, available_indexes: [InvertedIndex], index_file_size: 6113, num_rows: 1224, num_row_groups: 1, sequence: Some(1923865) }], files_to_remove: [], compaction_time_window: None, flushed_entry_id: Some(1585), flushed_sequence: Some(1923865) } to region 5656471928832(1317, 0)
2025-01-17T13:22:18.123895Z  INFO mito2::flush: Successfully update manifest version to 51, region: 5656471928832(1317, 0), reason: EngineFull
2025-01-17T13:22:18.125108Z  INFO mito2::worker::handle_flush: Region 5656471928832(1317, 0) flush finished, tries to bump wal to 1585
2025-01-17T13:22:18.127612Z  INFO log_store::raft_engine::log_store: Namespace 5656471928832 obsoleted 3 entries, compacted index: 1585, span: (Some(1586), Some(1586))
2025-01-17T13:22:18.127718Z  INFO mito2::compaction::twcs: Building compaction output, active window: Some(1737590400), current window: 1737590400, max runs: 4, found runs: 5, output size: 1, max output size: None, remove deletion markers: false
2025-01-17T13:22:18.127815Z  INFO mito2::compaction::compactor: Compaction region 5656471928832(1317, 0) output [6403ed39-d6b6-45e8-b039-d6b2d9b7ae97,82a1869c-edf9-4051-ac04-200f8332419d]-> 2be5ffcb-e4bb-48e5-866a-b04427eff5eb
2025-01-17T13:22:18.142847Z  INFO mito2::compaction::task: Compacted SST files, region_id: 5647881994240(1315, 0), input: [FileMeta { region_id: 5647881994240(1315, 0), file_id: FileId(099e6718-522e-486b-be0a-f4008bdcc767), time_range: (1737068400000000000::Nanosecond, 1737068400000000000::Nanosecond), level: 0, file_size: 8818, available_indexes: [InvertedIndex], index_file_size: 2217, num_rows: 109, num_row_groups: 1, sequence: Some(159542) }, FileMeta { region_id: 5647881994240(1315, 0), file_id: FileId(dd5e3f01-0150-483d-90eb-cb13c7f6a5ec), time_range: (1737068400000000000::Nanosecond, 1737068400000000000::Nanosecond), level: 1, file_size: 8795, available_indexes: [InvertedIndex], index_file_size: 2239, num_rows: 111, num_row_groups: 1, sequence: Some(153580) }], output: [FileMeta { region_id: 5647881994240(1315, 0), file_id: FileId(af000329-a92a-411c-9693-e42aba85a6d4), time_range: (1737068400000000000::Nanosecond, 1737068400000000000::Nanosecond), level: 1, file_size: 8914, available_indexes: [InvertedIndex], index_file_size: 2266, num_rows: 114, num_row_groups: 1, sequence: Some(159542) }], window: Some(3600), waiter_num: 0, merge_time: 0.03306023s
2025-01-17T13:22:18.145696Z  INFO mito2::manifest::checkpointer: Start doing checkpoint for region 5647881994240(1315, 0), compacted version: [21, 30]
2025-01-17T13:22:18.145871Z  INFO mito2::request: Successfully compacted region: 5647881994240(1315, 0)
2025-01-17T13:22:18.146164Z  INFO mito2::sst::file_purger: Successfully deleted SST file, file_id: dd5e3f01-0150-483d-90eb-cb13c7f6a5ec, region: 5647881994240(1315, 0)
2025-01-17T13:22:18.146212Z  INFO mito2::sst::file_purger: Successfully deleted SST file, file_id: 099e6718-522e-486b-be0a-f4008bdcc767, region: 5647881994240(1315, 0)
2025-01-17T13:22:18.153624Z  INFO mito2::manifest::checkpointer: Checkpoint for region 5647881994240(1315, 0) success, version: 30
2025-01-17T13:22:18.176607Z  INFO mito2::compaction::task: Compacted SST files, region_id: 5656471928832(1317, 0), input: [FileMeta { region_id: 5656471928832(1317, 0), file_id: FileId(6403ed39-d6b6-45e8-b039-d6b2d9b7ae97), time_range: (1737061200000000000::Nanosecond, 1737147600000000000::Nanosecond), level: 0, file_size: 23010, available_indexes: [InvertedIndex], index_file_size: 6113, num_rows: 1224, num_row_groups: 1, sequence: Some(1923865) }, FileMeta { region_id: 5656471928832(1317, 0), file_id: FileId(82a1869c-edf9-4051-ac04-200f8332419d), time_range: (1737061200000000000::Nanosecond, 1737147600000000000::Nanosecond), level: 1, file_size: 24817, available_indexes: [InvertedIndex], index_file_size: 6113, num_rows: 1570, num_row_groups: 1, sequence: Some(1920193) }], output: [FileMeta { region_id: 5656471928832(1317, 0), file_id: FileId(2be5ffcb-e4bb-48e5-866a-b04427eff5eb), time_range: (1737061200000000000::Nanosecond, 1737147600000000000::Nanosecond), level: 1, file_size: 24765, available_indexes: [InvertedIndex], index_file_size: 6113, num_rows: 1570, num_row_groups: 1, sequence: Some(1923865) }], window: Some(604800), waiter_num: 0, merge_time: 0.048791985s
2025-01-17T13:22:18.179829Z  INFO mito2::request: Successfully compacted region: 5656471928832(1317, 0)
2025-01-17T13:22:18.179998Z  INFO mito2::sst::file_purger: Successfully deleted SST file, file_id: 6403ed39-d6b6-45e8-b039-d6b2d9b7ae97, region: 5656471928832(1317, 0)
2025-01-17T13:22:18.180028Z  INFO mito2::sst::file_purger: Successfully deleted SST file, file_id: 82a1869c-edf9-4051-ac04-200f8332419d, region: 5656471928832(1317, 0)
2025-01-17T13:22:19.122302Z  INFO mito2::flush: Successfully flush memtables, region: 5647881994240(1315, 0), reason: EngineFull, files: [FileId(7fc599c1-8d6a-43f2-b57c-64b607302bf3)], cost: 0.045165787s
2025-01-17T13:22:19.122329Z  INFO mito2::flush: Applying RegionEdit { files_to_add: [FileMeta { region_id: 5647881994240(1315, 0), file_id: FileId(7fc599c1-8d6a-43f2-b57c-64b607302bf3), time_range: (1737068400000000000::Nanosecond, 1737068400000000000::Nanosecond), level: 0, file_size: 8763, available_indexes: [InvertedIndex], index_file_size: 2207, num_rows: 108, num_row_groups: 1, sequence: Some(159650) }], files_to_remove: [], compaction_time_window: None, flushed_entry_id: Some(1552), flushed_sequence: Some(159650) } to region 5647881994240(1315, 0)
2025-01-17T13:22:19.126579Z  INFO mito2::flush: Successfully update manifest version to 31, region: 5647881994240(1315, 0), reason: EngineFull
2025-01-17T13:22:19.126798Z  INFO mito2::worker::handle_flush: Region 5647881994240(1315, 0) flush finished, tries to bump wal to 1552
2025-01-17T13:22:19.126829Z  INFO log_store::raft_engine::log_store: Namespace 5647881994240 obsoleted 1 entries, compacted index: 1552, span: (Some(1553), Some(1553))
2025-01-17T13:22:19.126872Z  INFO mito2::compaction::twcs: Building compaction output, active window: Some(1737068400), current window: 1737068400, max runs: 4, found runs: 5, output size: 1, max output size: None, remove deletion markers: false
2025-01-17T13:22:19.128448Z  INFO mito2::compaction::compactor: Compaction region 5647881994240(1315, 0) output [7fc599c1-8d6a-43f2-b57c-64b607302bf3,af000329-a92a-411c-9693-e42aba85a6d4]-> 485556db-26da-4c10-9be1-0e5a7888db50
2025-01-17T13:22:19.130429Z  INFO mito2::flush: Successfully flush memtables, region: 5656471928832(1317, 0), reason: EngineFull, files: [FileId(9373e48a-00b0-47bd-8cd5-43fdde9d3c6d)], cost: 0.057793115s
2025-01-17T13:22:19.130457Z  INFO mito2::flush: Applying RegionEdit { files_to_add: [FileMeta { region_id: 5656471928832(1317, 0), file_id: FileId(9373e48a-00b0-47bd-8cd5-43fdde9d3c6d), time_range: (1737061200000000000::Nanosecond, 1737147600000000000::Nanosecond), level: 0, file_size: 23010, available_indexes: [InvertedIndex], index_file_size: 6113, num_rows: 1224, num_row_groups: 1, sequence: Some(1925089) }], files_to_remove: [], compaction_time_window: None, flushed_entry_id: Some(1586), flushed_sequence: Some(1925089) } to region 5656471928832(1317, 0)
2025-01-17T13:22:19.139188Z  INFO mito2::flush: Successfully update manifest version to 53, region: 5656471928832(1317, 0), reason: EngineFull
2025-01-17T13:22:19.140352Z  INFO mito2::worker::handle_flush: Region 5656471928832(1317, 0) flush finished, tries to bump wal to 1586
2025-01-17T13:22:19.140419Z  INFO log_store::raft_engine::log_store: Namespace 5656471928832 obsoleted 1 entries, compacted index: 1586, span: (Some(1587), Some(1587))
2025-01-17T13:22:19.140467Z  INFO mito2::compaction::twcs: Building compaction output, active window: Some(1737590400), current window: 1737590400, max runs: 4, found runs: 5, output size: 1, max output size: None, remove deletion markers: false
2025-01-17T13:22:19.140508Z  INFO mito2::compaction::compactor: Compaction region 5656471928832(1317, 0) output [9373e48a-00b0-47bd-8cd5-43fdde9d3c6d,2be5ffcb-e4bb-48e5-866a-b04427eff5eb]-> acecd719-c427-4200-9738-a1e637f8423f
2025-01-17T13:22:19.148750Z  INFO mito2::flush: Successfully flush memtables, region: 5647881994240(1315, 0), reason: EngineFull, files: [FileId(01a407c7-5c0a-47c5-85da-9941801f1d14)], cost: 0.021836395s
2025-01-17T13:22:19.149074Z  INFO mito2::flush: Applying RegionEdit { files_to_add: [FileMeta { region_id: 5647881994240(1315, 0), file_id: FileId(01a407c7-5c0a-47c5-85da-9941801f1d14), time_range: (1737068400000000000::Nanosecond, 1737068400000000000::Nanosecond), level: 0, file_size: 8763, available_indexes: [InvertedIndex], index_file_size: 2207, num_rows: 108, num_row_groups: 1, sequence: Some(159758) }], files_to_remove: [], compaction_time_window: None, flushed_entry_id: Some(1553), flushed_sequence: Some(159758) } to region 5647881994240(1315, 0)
2025-01-17T13:22:19.151334Z  INFO mito2::compaction::task: Compacted SST files, region_id: 5647881994240(1315, 0), input: [FileMeta { region_id: 5647881994240(1315, 0), file_id: FileId(7fc599c1-8d6a-43f2-b57c-64b607302bf3), time_range: (1737068400000000000::Nanosecond, 1737068400000000000::Nanosecond), level: 0, file_size: 8763, available_indexes: [InvertedIndex], index_file_size: 2207, num_rows: 108, num_row_groups: 1, sequence: Some(159650) }, FileMeta { region_id: 5647881994240(1315, 0), file_id: FileId(af000329-a92a-411c-9693-e42aba85a6d4), time_range: (1737068400000000000::Nanosecond, 1737068400000000000::Nanosecond), level: 1, file_size: 8914, available_indexes: [InvertedIndex], index_file_size: 2266, num_rows: 114, num_row_groups: 1, sequence: Some(159542) }], output: [FileMeta { region_id: 5647881994240(1315, 0), file_id: FileId(485556db-26da-4c10-9be1-0e5a7888db50), time_range: (1737068400000000000::Nanosecond, 1737068400000000000::Nanosecond), level: 1, file_size: 8850, available_indexes: [InvertedIndex], index_file_size: 2265, num_rows: 114, num_row_groups: 1, sequence: Some(159650) }], window: Some(3600), waiter_num: 0, merge_time: 0.02288915s
2025-01-17T13:22:19.155199Z  INFO mito2::flush: Successfully update manifest version to 32, region: 5647881994240(1315, 0), reason: EngineFull
2025-01-17T13:22:19.155450Z  INFO mito2::worker::handle_flush: Region 5647881994240(1315, 0) flush finished, tries to bump wal to 1553
2025-01-17T13:22:19.155482Z  INFO log_store::raft_engine::log_store: Namespace 5647881994240 obsoleted 1 entries, compacted index: 1553, span: (None, None)
2025-01-17T13:22:19.158084Z  INFO mito2::request: Successfully compacted region: 5647881994240(1315, 0)
2025-01-17T13:22:19.158437Z  INFO mito2::compaction::twcs: Building compaction output, active window: Some(1737068400), current window: 1737068400, max runs: 4, found runs: 5, output size: 1, max output size: None, remove deletion markers: false
2025-01-17T13:22:19.158633Z  INFO mito2::compaction::compactor: Compaction region 5647881994240(1315, 0) output [01a407c7-5c0a-47c5-85da-9941801f1d14,485556db-26da-4c10-9be1-0e5a7888db50]-> a14c4966-e56c-4cdc-b3c5-8f0def73b619
2025-01-17T13:22:19.158961Z  INFO mito2::sst::file_purger: Successfully deleted SST file, file_id: 7fc599c1-8d6a-43f2-b57c-64b607302bf3, region: 5647881994240(1315, 0)
2025-01-17T13:22:19.159255Z  INFO mito2::sst::file_purger: Successfully deleted SST file, file_id: af000329-a92a-411c-9693-e42aba85a6d4, region: 5647881994240(1315, 0)
2025-01-17T13:22:19.175197Z  INFO mito2::flush: Successfully flush memtables, region: 5652176961536(1316, 0), reason: EngineFull, files: [FileId(17dfb09b-66bf-484f-a8f7-676058d95d85)], cost: 0.09352728s
2025-01-17T13:22:19.175545Z  INFO mito2::flush: Applying RegionEdit { files_to_add: [FileMeta { region_id: 5652176961536(1316, 0), file_id: FileId(17dfb09b-66bf-484f-a8f7-676058d95d85), time_range: (1737061200000000000::Nanosecond, 1737147600000000000::Nanosecond), level: 0, file_size: 44367, available_indexes: [InvertedIndex], index_file_size: 6011, num_rows: 1222, num_row_groups: 1, sequence: Some(1901084) }], files_to_remove: [], compaction_time_window: None, flushed_entry_id: Some(1570), flushed_sequence: Some(1901084) } to region 5652176961536(1316, 0)
2025-01-17T13:22:19.179083Z  INFO mito2::flush: Successfully update manifest version to 23, region: 5652176961536(1316, 0), reason: EngineFull
2025-01-17T13:22:19.180848Z  INFO mito2::worker::handle_flush: Region 5652176961536(1316, 0) flush finished, tries to bump wal to 1570
2025-01-17T13:22:19.185502Z  INFO log_store::raft_engine::log_store: Namespace 5652176961536 obsoleted 4 entries, compacted index: 1570, span: (Some(1571), Some(1571))
2025-01-17T13:22:19.185567Z  INFO mito2::compaction::twcs: Building compaction output, active window: Some(1737590400), current window: 1737590400, max runs: 4, found runs: 5, output size: 1, max output size: None, remove deletion markers: false
2025-01-17T13:22:19.185644Z  INFO mito2::compaction::compactor: Compaction region 5652176961536(1316, 0) output [17dfb09b-66bf-484f-a8f7-676058d95d85,43a639d2-0a8e-499f-98cc-8e4145611d76]-> b036fcff-cc41-40b4-a690-a512db7ddf4d
2025-01-17T13:22:19.190478Z  INFO mito2::compaction::task: Compacted SST files, region_id: 5647881994240(1315, 0), input: [FileMeta { region_id: 5647881994240(1315, 0), file_id: FileId(01a407c7-5c0a-47c5-85da-9941801f1d14), time_range: (1737068400000000000::Nanosecond, 1737068400000000000::Nanosecond), level: 0, file_size: 8763, available_indexes: [InvertedIndex], index_file_size: 2207, num_rows: 108, num_row_groups: 1, sequence: Some(159758) }, FileMeta { region_id: 5647881994240(1315, 0), file_id: FileId(485556db-26da-4c10-9be1-0e5a7888db50), time_range: (1737068400000000000::Nanosecond, 1737068400000000000::Nanosecond), level: 1, file_size: 8850, available_indexes: [InvertedIndex], index_file_size: 2265, num_rows: 114, num_row_groups: 1, sequence: Some(159650) }], output: [FileMeta { region_id: 5647881994240(1315, 0), file_id: FileId(a14c4966-e56c-4cdc-b3c5-8f0def73b619), time_range: (1737068400000000000::Nanosecond, 1737068400000000000::Nanosecond), level: 1, file_size: 8850, available_indexes: [InvertedIndex], index_file_size: 2266, num_rows: 114, num_row_groups: 1, sequence: Some(159758) }], window: Some(3600), waiter_num: 0, merge_time: 0.031847271s
2025-01-17T13:22:19.194550Z  INFO mito2::compaction::task: Compacted SST files, region_id: 5656471928832(1317, 0), input: [FileMeta { region_id: 5656471928832(1317, 0), file_id: FileId(9373e48a-00b0-47bd-8cd5-43fdde9d3c6d), time_range: (1737061200000000000::Nanosecond, 1737147600000000000::Nanosecond), level: 0, file_size: 23010, available_indexes: [InvertedIndex], index_file_size: 6113, num_rows: 1224, num_row_groups: 1, sequence: Some(1925089) }, FileMeta { region_id: 5656471928832(1317, 0), file_id: FileId(2be5ffcb-e4bb-48e5-866a-b04427eff5eb), time_range: (1737061200000000000::Nanosecond, 1737147600000000000::Nanosecond), level: 1, file_size: 24765, available_indexes: [InvertedIndex], index_file_size: 6113, num_rows: 1570, num_row_groups: 1, sequence: Some(1923865) }], output: [FileMeta { region_id: 5656471928832(1317, 0), file_id: FileId(acecd719-c427-4200-9738-a1e637f8423f), time_range: (1737061200000000000::Nanosecond, 1737147600000000000::Nanosecond), level: 1, file_size: 24765, available_indexes: [InvertedIndex], index_file_size: 6112, num_rows: 1570, num_row_groups: 1, sequence: Some(1925089) }], window: Some(604800), waiter_num: 0, merge_time: 0.054041581s
2025-01-17T13:22:19.195048Z  INFO mito2::request: Successfully compacted region: 5647881994240(1315, 0)
2025-01-17T13:22:19.195341Z  INFO mito2::sst::file_purger: Successfully deleted SST file, file_id: 01a407c7-5c0a-47c5-85da-9941801f1d14, region: 5647881994240(1315, 0)
2025-01-17T13:22:19.195506Z  INFO mito2::sst::file_purger: Successfully deleted SST file, file_id: 485556db-26da-4c10-9be1-0e5a7888db50, region: 5647881994240(1315, 0)
2025-01-17T13:22:19.197592Z  INFO mito2::request: Successfully compacted region: 5656471928832(1317, 0)
2025-01-17T13:22:19.197883Z  INFO mito2::sst::file_purger: Successfully deleted SST file, file_id: 9373e48a-00b0-47bd-8cd5-43fdde9d3c6d, region: 5656471928832(1317, 0)
2025-01-17T13:22:19.197892Z  INFO mito2::sst::file_purger: Successfully deleted SST file, file_id: 2be5ffcb-e4bb-48e5-866a-b04427eff5eb, region: 5656471928832(1317, 0)
2025-01-17T13:22:19.233665Z  INFO mito2::compaction::task: Compacted SST files, region_id: 5652176961536(1316, 0), input: [FileMeta { region_id: 5652176961536(1316, 0), file_id: FileId(17dfb09b-66bf-484f-a8f7-676058d95d85), time_range: (1737061200000000000::Nanosecond, 1737147600000000000::Nanosecond), level: 0, file_size: 44367, available_indexes: [InvertedIndex], index_file_size: 6011, num_rows: 1222, num_row_groups: 1, sequence: Some(1901084) }, FileMeta { region_id: 5652176961536(1316, 0), file_id: FileId(43a639d2-0a8e-499f-98cc-8e4145611d76), time_range: (1737061200000000000::Nanosecond, 1737147600000000000::Nanosecond), level: 1, file_size: 45030, available_indexes: [InvertedIndex], index_file_size: 6010, num_rows: 1275, num_row_groups: 1, sequence: Some(1896196) }], output: [FileMeta { region_id: 5652176961536(1316, 0), file_id: FileId(b036fcff-cc41-40b4-a690-a512db7ddf4d), time_range: (1737061200000000000::Nanosecond, 1737147600000000000::Nanosecond), level: 1, file_size: 45024, available_indexes: [InvertedIndex], index_file_size: 6011, num_rows: 1275, num_row_groups: 1, sequence: Some(1901084) }], window: Some(604800), waiter_num: 0, merge_time: 0.048020671s
2025-01-17T13:22:19.238022Z  INFO mito2::request: Successfully compacted region: 5652176961536(1316, 0)
2025-01-17T13:22:19.238436Z  INFO mito2::sst::file_purger: Successfully deleted SST file, file_id: 43a639d2-0a8e-499f-98cc-8e4145611d76, region: 5652176961536(1316, 0)
2025-01-17T13:22:19.238694Z  INFO mito2::sst::file_purger: Successfully deleted SST file, file_id: 17dfb09b-66bf-484f-a8f7-676058d95d85, region: 5652176961536(1316, 0)
2025-01-17T13:22:23.143186Z  INFO mito2::flush: Successfully flush memtables, region: 5643587026951(1314, 7), reason: EngineFull, files: [FileId(6745514b-5de7-486c-9164-6b2b7a0923d5)], cost: 4.015838488s
2025-01-17T13:22:23.145497Z  INFO mito2::flush: Applying RegionEdit { files_to_add: [FileMeta { region_id: 5643587026951(1314, 7), file_id: FileId(6745514b-5de7-486c-9164-6b2b7a0923d5), time_range: (1737061860200818000::Nanosecond, 1737148937955783000::Nanosecond), level: 0, file_size: 12632956, available_indexes: [InvertedIndex], index_file_size: 293713, num_rows: 3391500, num_row_groups: 34, sequence: Some(6850975) }], files_to_remove: [], compaction_time_window: None, flushed_entry_id: Some(1612), flushed_sequence: Some(6850975) } to region 5643587026951(1314, 7)
2025-01-17T13:22:23.149141Z  INFO mito2::flush: Successfully update manifest version to 2, region: 5643587026951(1314, 7), reason: EngineFull
2025-01-17T13:22:23.279236Z  INFO mito2::worker::handle_flush: Region 5643587026951(1314, 7) flush finished, tries to bump wal to 1612
2025-01-17T13:22:23.283458Z  INFO log_store::raft_engine::log_store: Namespace 5643587026951 obsoleted 798 entries, compacted index: 1612, span: (Some(1613), Some(1616))
2025-01-17T13:22:23.283507Z  INFO mito2::compaction::twcs: Compaction window for region 5643587026951(1314, 7) is not present, inferring from files: 604800
2025-01-17T13:25:37.332099Z  INFO mito2::flush: Successfully flush memtables, region: 4806068404224(1119, 0), reason: Periodically, files: [FileId(626ef7a0-e800-4683-a30a-4f1e21bee612)], cost: 0.039043999s
2025-01-17T13:25:37.332110Z  INFO mito2::flush: Applying RegionEdit { files_to_add: [FileMeta { region_id: 4806068404224(1119, 0), file_id: FileId(626ef7a0-e800-4683-a30a-4f1e21bee612), time_range: (1737118038209::Millisecond, 1737120312056::Millisecond), level: 0, file_size: 104379, available_indexes: [InvertedIndex], index_file_size: 29320, num_rows: 116749, num_row_groups: 2, sequence: Some(840707) }], files_to_remove: [], compaction_time_window: None, flushed_entry_id: Some(1556), flushed_sequence: Some(840707) } to region 4806068404224(1119, 0)
2025-01-17T13:25:37.335481Z  INFO mito2::flush: Successfully update manifest version to 38, region: 4806068404224(1119, 0), reason: Periodically
2025-01-17T13:25:37.335758Z  INFO mito2::worker::handle_flush: Region 4806068404224(1119, 0) flush finished, tries to bump wal to 1556
2025-01-17T13:25:37.335773Z  INFO log_store::raft_engine::log_store: Namespace 4806068404224 obsoleted 241 entries, compacted index: 1556, span: (None, None)
2025-01-17T13:25:37.335893Z  INFO mito2::compaction::twcs: Enforcing max file num in window: 1737122400, active: Some(1737122400), max: 4, current: 5, max output size: None, filter delete: true
2025-01-17T13:25:37.335910Z  INFO mito2::compaction::compactor: Compaction region 4806068404224(1119, 0) output [c891dd93-8d9a-41d4-938c-d14daf621cd7,ef69926e-2bc6-4168-afc8-68ab9370647b]-> 36140e88-5670-4625-9e9d-9e777f597c27
2025-01-17T13:25:37.394303Z  INFO mito2::compaction::task: Compacted SST files, region_id: 4806068404224(1119, 0), input: [FileMeta { region_id: 4806068404224(1119, 0), file_id: FileId(c891dd93-8d9a-41d4-938c-d14daf621cd7), time_range: (1737115218214::Millisecond, 1737116058208::Millisecond), level: 0, file_size: 57776, available_indexes: [InvertedIndex], index_file_size: 16033, num_rows: 48923, num_row_groups: 1, sequence: Some(614303) }, FileMeta { region_id: 4806068404224(1119, 0), file_id: FileId(ef69926e-2bc6-4168-afc8-68ab9370647b), time_range: (1737116088212::Millisecond, 1737116478210::Millisecond), level: 0, file_size: 50848, available_indexes: [InvertedIndex], index_file_size: 12194, num_rows: 23618, num_row_groups: 1, sequence: Some(637921) }], output: [FileMeta { region_id: 4806068404224(1119, 0), file_id: FileId(36140e88-5670-4625-9e9d-9e777f597c27), time_range: (1737115218214::Millisecond, 1737116478210::Millisecond), level: 1, file_size: 78285, available_indexes: [InvertedIndex], index_file_size: 19536, num_rows: 72541, num_row_groups: 1, sequence: Some(637921) }], window: Some(7200), waiter_num: 0, merge_time: 0.058391674s
2025-01-17T13:25:37.397389Z  INFO mito2::request: Successfully compacted region: 4806068404224(1119, 0)
2025-01-17T13:25:37.397777Z  INFO mito2::sst::file_purger: Successfully deleted SST file, file_id: ef69926e-2bc6-4168-afc8-68ab9370647b, region: 4806068404224(1119, 0)
2025-01-17T13:25:37.397815Z  INFO mito2::sst::file_purger: Successfully deleted SST file, file_id: c891dd93-8d9a-41d4-938c-d14daf621cd7, region: 4806068404224(1119, 0)
